bgen	id	chrom	start	end
gs://vwb-aou-datasets-controlled/v9/wgs/short_read/snpindel/acaf_threshold/bgen/acaf_threshold.chr1.bgen	acaf_chr1_10060_2927788	chr1	10060	2927788
gs://vwb-aou-datasets-controlled/v9/wgs/short_read/snpindel/acaf_threshold/bgen/acaf_threshold.chr1.bgen	acaf_chr1_2927788_6364015	chr1	2927788	6364015
gs://vwb-aou-datasets-controlled/v9/wgs/short_read/snpindel/acaf_threshold/bgen/acaf_threshold.chr1.bgen	acaf_chr1_6364025_10226829	chr1	6364025	10226829
gs://vwb-aou-datasets-controlled/v9/wgs/short_read/snpindel/acaf_threshold/bgen/acaf_threshold.chr1.bgen	acaf_chr1_10226829_14209824	chr1	10226829	14209824
gs://vwb-aou-datasets-controlled/v9/wgs/short_read/snpindel/acaf_threshold/bgen/acaf_threshold.chr1.bgen	acaf_chr1_14209872_18244545	chr1	14209872	18244545
gs://vwb-aou-datasets-controlled/v9/wgs/short_read/snpindel/acaf_threshold/bgen/acaf_threshold.chr1.bgen	acaf_chr1_18244547_22375035	chr1	18244547	22375035
gs://vwb-aou-datasets-controlled/v9/wgs/short_read/snpindel/acaf_threshold/bgen/acaf_threshold.chr1.bgen	acaf_chr1_22375035_26400476	chr1	22375035	26400476
gs://vwb-aou-datasets-controlled/v9/wgs/short_read/snpindel/acaf_threshold/bgen/acaf_threshold.chr1.bgen	acaf_chr1_26400539_30780009	chr1	26400539	30780009
gs://vwb-aou-datasets-controlled/v9/wgs/short_read/snpindel/acaf_threshold/bgen/acaf_threshold.chr1.bgen	acaf_chr1_30780009_35220562	chr1	30780009	35220562
gs://vwb-aou-datasets-controlled/v9/wgs/short_read/snpindel/acaf_threshold/bgen/acaf_threshold.chr1.bgen	acaf_chr1_35220610_39876691	chr1	35220610	39876691
gs://vwb-aou-datasets-controlled/v9/wgs/short_read/snpindel/acaf_threshold/bgen/acaf_threshold.chr1.bgen	acaf_chr1_39876691_44661404	chr1	39876691	44661404
gs://vwb-aou-datasets-controlled/v9/wgs/short_read/snpindel/acaf_threshold/bgen/acaf_threshold.chr1.bgen	acaf_chr1_44661416_49640460	chr1	44661416	49640460
gs://vwb-aou-datasets-controlled/v9/wgs/short_read/snpindel/acaf_threshold/bgen/acaf_threshold.chr1.bgen	acaf_chr1_49640723_54492341	chr1	49640723	54492341
gs://vwb-aou-datasets-controlled/v9/wgs/short_read/snpindel/acaf_threshold/bgen/acaf_threshold.chr1.bgen	acaf_chr1_54492341_59268864	chr1	54492341	59268864
gs://vwb-aou-datasets-controlled/v9/wgs/short_read/snpindel/acaf_threshold/bgen/acaf_threshold.chr1.bgen	acaf_chr1_59268864_64004585	chr1	59268864	64004585
gs://vwb-aou-datasets-controlled/v9/wgs/short_read/snpindel/acaf_threshold/bgen/acaf_threshold.chr1.bgen	acaf_chr1_64004616_68876608	chr1	64004616	68876608
gs://vwb-aou-datasets-controlled/v9/wgs/short_read/snpindel/acaf_threshold/bgen/acaf_threshold.chr1.bgen	acaf_chr1_68876609_74046598	chr1	68876609	74046598
gs://vwb-aou-datasets-controlled/v9/wgs/short_read/snpindel/acaf_threshold/bgen/acaf_threshold.chr1.bgen	acaf_chr1_74046598_79201240	chr1	74046598	79201240
gs://vwb-aou-datasets-controlled/v9/wgs/short_read/snpindel/acaf_threshold/bgen/acaf_threshold.chr1.bgen	acaf_chr1_79201322_84130189	chr1	79201322	84130189
gs://vwb-aou-datasets-controlled/v9/wgs/short_read/snpindel/acaf_threshold/bgen/acaf_threshold.chr1.bgen	acaf_chr1_84130189_89663284	chr1	84130189	89663284
gs://vwb-aou-datasets-controlled/v9/wgs/short_read/snpindel/acaf_threshold/bgen/acaf_threshold.chr1.bgen	acaf_chr1_89663284_94498766	chr1	89663284	94498766
gs://vwb-aou-datasets-controlled/v9/wgs/short_read/snpindel/acaf_threshold/bgen/acaf_threshold.chr1.bgen	acaf_chr1_94498859_99826964	chr1	94498859	99826964
gs://vwb-aou-datasets-controlled/v9/wgs/short_read/snpindel/acaf_threshold/bgen/acaf_threshold.chr1.bgen	acaf_chr1_99826964_104319393	chr1	99826964	104319393
gs://vwb-aou-datasets-controlled/v9/wgs/short_read/snpindel/acaf_threshold/bgen/acaf_threshold.chr1.bgen	acaf_chr1_104319393_108687090	chr1	104319393	108687090
gs://vwb-aou-datasets-controlled/v9/wgs/short_read/snpindel/acaf_threshold/bgen/acaf_threshold.chr1.bgen	acaf_chr1_108687191_113436043	chr1	108687191	113436043
gs://vwb-aou-datasets-controlled/v9/wgs/short_read/snpindel/acaf_threshold/bgen/acaf_threshold.chr1.bgen	acaf_chr1_113436043_118791382	chr1	113436043	118791382
gs://vwb-aou-datasets-controlled/v9/wgs/short_read/snpindel/acaf_threshold/bgen/acaf_threshold.chr1.bgen	acaf_chr1_118791383_143497890	chr1	118791383	143497890
gs://vwb-aou-datasets-controlled/v9/wgs/short_read/snpindel/acaf_threshold/bgen/acaf_threshold.chr1.bgen	acaf_chr1_143497890_148273894	chr1	143497890	148273894
gs://vwb-aou-datasets-controlled/v9/wgs/short_read/snpindel/acaf_threshold/bgen/acaf_threshold.chr1.bgen	acaf_chr1_148273894_153302459	chr1	148273894	153302459
gs://vwb-aou-datasets-controlled/v9/wgs/short_read/snpindel/acaf_threshold/bgen/acaf_threshold.chr1.bgen	acaf_chr1_153302684_157970857	chr1	153302684	157970857
gs://vwb-aou-datasets-controlled/v9/wgs/short_read/snpindel/acaf_threshold/bgen/acaf_threshold.chr1.bgen	acaf_chr1_157970906_162769332	chr1	157970906	162769332
gs://vwb-aou-datasets-controlled/v9/wgs/short_read/snpindel/acaf_threshold/bgen/acaf_threshold.chr1.bgen	acaf_chr1_162769364_167581862	chr1	162769364	167581862
gs://vwb-aou-datasets-controlled/v9/wgs/short_read/snpindel/acaf_threshold/bgen/acaf_threshold.chr1.bgen	acaf_chr1_167581875_172608301	chr1	167581875	172608301
gs://vwb-aou-datasets-controlled/v9/wgs/short_read/snpindel/acaf_threshold/bgen/acaf_threshold.chr1.bgen	acaf_chr1_172608405_177727471	chr1	172608405	177727471
gs://vwb-aou-datasets-controlled/v9/wgs/short_read/snpindel/acaf_threshold/bgen/acaf_threshold.chr1.bgen	acaf_chr1_177727485_182776952	chr1	177727485	182776952
gs://vwb-aou-datasets-controlled/v9/wgs/short_read/snpindel/acaf_threshold/bgen/acaf_threshold.chr1.bgen	acaf_chr1_182776952_187816380	chr1	182776952	187816380
gs://vwb-aou-datasets-controlled/v9/wgs/short_read/snpindel/acaf_threshold/bgen/acaf_threshold.chr1.bgen	acaf_chr1_187816448_192118671	chr1	187816448	192118671
gs://vwb-aou-datasets-controlled/v9/wgs/short_read/snpindel/acaf_threshold/bgen/acaf_threshold.chr1.bgen	acaf_chr1_192118671_196692876	chr1	192118671	196692876
gs://vwb-aou-datasets-controlled/v9/wgs/short_read/snpindel/acaf_threshold/bgen/acaf_threshold.chr1.bgen	acaf_chr1_196692876_201445673	chr1	196692876	201445673
gs://vwb-aou-datasets-controlled/v9/wgs/short_read/snpindel/acaf_threshold/bgen/acaf_threshold.chr1.bgen	acaf_chr1_201445694_205732779	chr1	201445694	205732779
gs://vwb-aou-datasets-controlled/v9/wgs/short_read/snpindel/acaf_threshold/bgen/acaf_threshold.chr1.bgen	acaf_chr1_205732779_210826181	chr1	205732779	210826181
gs://vwb-aou-datasets-controlled/v9/wgs/short_read/snpindel/acaf_threshold/bgen/acaf_threshold.chr1.bgen	acaf_chr1_210826256_215584631	chr1	210826256	215584631
gs://vwb-aou-datasets-controlled/v9/wgs/short_read/snpindel/acaf_threshold/bgen/acaf_threshold.chr1.bgen	acaf_chr1_215584672_220141016	chr1	215584672	220141016
gs://vwb-aou-datasets-controlled/v9/wgs/short_read/snpindel/acaf_threshold/bgen/acaf_threshold.chr1.bgen	acaf_chr1_220141044_224986334	chr1	220141044	224986334
gs://vwb-aou-datasets-controlled/v9/wgs/short_read/snpindel/acaf_threshold/bgen/acaf_threshold.chr1.bgen	acaf_chr1_224986334_229657919	chr1	224986334	229657919
gs://vwb-aou-datasets-controlled/v9/wgs/short_read/snpindel/acaf_threshold/bgen/acaf_threshold.chr1.bgen	acaf_chr1_229657952_234367407	chr1	229657952	234367407
gs://vwb-aou-datasets-controlled/v9/wgs/short_read/snpindel/acaf_threshold/bgen/acaf_threshold.chr1.bgen	acaf_chr1_234367407_238188402	chr1	234367407	238188402
gs://vwb-aou-datasets-controlled/v9/wgs/short_read/snpindel/acaf_threshold/bgen/acaf_threshold.chr1.bgen	acaf_chr1_238188402_242251179	chr1	238188402	242251179
gs://vwb-aou-datasets-controlled/v9/wgs/short_read/snpindel/acaf_threshold/bgen/acaf_threshold.chr1.bgen	acaf_chr1_242251180_246379335	chr1	242251180	246379335
gs://vwb-aou-datasets-controlled/v9/wgs/short_read/snpindel/acaf_threshold/bgen/acaf_threshold.chr1.bgen	acaf_chr1_246379342_248946422	chr1	246379342	248946422
gs://vwb-aou-datasets-controlled/v9/wgs/short_read/snpindel/acaf_threshold/bgen/acaf_threshold.chr10.bgen	acaf_chr10_10002_2831921	chr10	10002	2831921
gs://vwb-aou-datasets-controlled/v9/wgs/short_read/snpindel/acaf_threshold/bgen/acaf_threshold.chr10.bgen	acaf_chr10_2831921_6225553	chr10	2831921	6225553
gs://vwb-aou-datasets-controlled/v9/wgs/short_read/snpindel/acaf_threshold/bgen/acaf_threshold.chr10.bgen	acaf_chr10_6225555_9962024	chr10	6225555	9962024
gs://vwb-aou-datasets-controlled/v9/wgs/short_read/snpindel/acaf_threshold/bgen/acaf_threshold.chr10.bgen	acaf_chr10_9962024_13728570	chr10	9962024	13728570
gs://vwb-aou-datasets-controlled/v9/wgs/short_read/snpindel/acaf_threshold/bgen/acaf_threshold.chr10.bgen	acaf_chr10_13728570_17546656	chr10	13728570	17546656
gs://vwb-aou-datasets-controlled/v9/wgs/short_read/snpindel/acaf_threshold/bgen/acaf_threshold.chr10.bgen	acaf_chr10_17546656_21335763	chr10	17546656	21335763
gs://vwb-aou-datasets-controlled/v9/wgs/short_read/snpindel/acaf_threshold/bgen/acaf_threshold.chr10.bgen	acaf_chr10_21335763_25773164	chr10	21335763	25773164
gs://vwb-aou-datasets-controlled/v9/wgs/short_read/snpindel/acaf_threshold/bgen/acaf_threshold.chr10.bgen	acaf_chr10_25773164_29771787	chr10	25773164	29771787
gs://vwb-aou-datasets-controlled/v9/wgs/short_read/snpindel/acaf_threshold/bgen/acaf_threshold.chr10.bgen	acaf_chr10_29771788_33976245	chr10	29771788	33976245
gs://vwb-aou-datasets-controlled/v9/wgs/short_read/snpindel/acaf_threshold/bgen/acaf_threshold.chr10.bgen	acaf_chr10_33976245_38269772	chr10	33976245	38269772
gs://vwb-aou-datasets-controlled/v9/wgs/short_read/snpindel/acaf_threshold/bgen/acaf_threshold.chr10.bgen	acaf_chr10_38269772_41910805	chr10	38269772	41910805
gs://vwb-aou-datasets-controlled/v9/wgs/short_read/snpindel/acaf_threshold/bgen/acaf_threshold.chr10.bgen	acaf_chr10_41910805_46135918	chr10	41910805	46135918
gs://vwb-aou-datasets-controlled/v9/wgs/short_read/snpindel/acaf_threshold/bgen/acaf_threshold.chr10.bgen	acaf_chr10_46135918_51162078	chr10	46135918	51162078
gs://vwb-aou-datasets-controlled/v9/wgs/short_read/snpindel/acaf_threshold/bgen/acaf_threshold.chr10.bgen	acaf_chr10_51162194_55487339	chr10	51162194	55487339
gs://vwb-aou-datasets-controlled/v9/wgs/short_read/snpindel/acaf_threshold/bgen/acaf_threshold.chr10.bgen	acaf_chr10_55487346_60226540	chr10	55487346	60226540
gs://vwb-aou-datasets-controlled/v9/wgs/short_read/snpindel/acaf_threshold/bgen/acaf_threshold.chr10.bgen	acaf_chr10_60226540_65087765	chr10	60226540	65087765
gs://vwb-aou-datasets-controlled/v9/wgs/short_read/snpindel/acaf_threshold/bgen/acaf_threshold.chr10.bgen	acaf_chr10_65087765_69303194	chr10	65087765	69303194
gs://vwb-aou-datasets-controlled/v9/wgs/short_read/snpindel/acaf_threshold/bgen/acaf_threshold.chr10.bgen	acaf_chr10_69303194_73576075	chr10	69303194	73576075
gs://vwb-aou-datasets-controlled/v9/wgs/short_read/snpindel/acaf_threshold/bgen/acaf_threshold.chr10.bgen	acaf_chr10_73576176_78759328	chr10	73576176	78759328
gs://vwb-aou-datasets-controlled/v9/wgs/short_read/snpindel/acaf_threshold/bgen/acaf_threshold.chr10.bgen	acaf_chr10_78759328_83490386	chr10	78759328	83490386
gs://vwb-aou-datasets-controlled/v9/wgs/short_read/snpindel/acaf_threshold/bgen/acaf_threshold.chr10.bgen	acaf_chr10_83490386_88449015	chr10	83490386	88449015
gs://vwb-aou-datasets-controlled/v9/wgs/short_read/snpindel/acaf_threshold/bgen/acaf_threshold.chr10.bgen	acaf_chr10_88449063_93332226	chr10	88449063	93332226
gs://vwb-aou-datasets-controlled/v9/wgs/short_read/snpindel/acaf_threshold/bgen/acaf_threshold.chr10.bgen	acaf_chr10_93332226_97964599	chr10	93332226	97964599
gs://vwb-aou-datasets-controlled/v9/wgs/short_read/snpindel/acaf_threshold/bgen/acaf_threshold.chr10.bgen	acaf_chr10_97964634_102747612	chr10	97964634	102747612
gs://vwb-aou-datasets-controlled/v9/wgs/short_read/snpindel/acaf_threshold/bgen/acaf_threshold.chr10.bgen	acaf_chr10_102747683_107506068	chr10	102747683	107506068
gs://vwb-aou-datasets-controlled/v9/wgs/short_read/snpindel/acaf_threshold/bgen/acaf_threshold.chr10.bgen	acaf_chr10_107506068_111777101	chr10	107506068	111777101
gs://vwb-aou-datasets-controlled/v9/wgs/short_read/snpindel/acaf_threshold/bgen/acaf_threshold.chr10.bgen	acaf_chr10_111777103_116405810	chr10	111777103	116405810
gs://vwb-aou-datasets-controlled/v9/wgs/short_read/snpindel/acaf_threshold/bgen/acaf_threshold.chr10.bgen	acaf_chr10_116405925_120733969	chr10	116405925	120733969
gs://vwb-aou-datasets-controlled/v9/wgs/short_read/snpindel/acaf_threshold/bgen/acaf_threshold.chr10.bgen	acaf_chr10_120733969_125039626	chr10	120733969	125039626
gs://vwb-aou-datasets-controlled/v9/wgs/short_read/snpindel/acaf_threshold/bgen/acaf_threshold.chr10.bgen	acaf_chr10_125039646_129160340	chr10	125039646	129160340
gs://vwb-aou-datasets-controlled/v9/wgs/short_read/snpindel/acaf_threshold/bgen/acaf_threshold.chr10.bgen	acaf_chr10_129160340_132417794	chr10	129160340	132417794
gs://vwb-aou-datasets-controlled/v9/wgs/short_read/snpindel/acaf_threshold/bgen/acaf_threshold.chr10.bgen	acaf_chr10_132417794_133787421	chr10	132417794	133787421
gs://vwb-aou-datasets-controlled/v9/wgs/short_read/snpindel/acaf_threshold/bgen/acaf_threshold.chr11.bgen	acaf_chr11_61532_2904241	chr11	61532	2904241
gs://vwb-aou-datasets-controlled/v9/wgs/short_read/snpindel/acaf_threshold/bgen/acaf_threshold.chr11.bgen	acaf_chr11_2904241_6751618	chr11	2904241	6751618
gs://vwb-aou-datasets-controlled/v9/wgs/short_read/snpindel/acaf_threshold/bgen/acaf_threshold.chr11.bgen	acaf_chr11_6751736_11125862	chr11	6751736	11125862
gs://vwb-aou-datasets-controlled/v9/wgs/short_read/snpindel/acaf_threshold/bgen/acaf_threshold.chr11.bgen	acaf_chr11_11125864_15878614	chr11	11125864	15878614
gs://vwb-aou-datasets-controlled/v9/wgs/short_read/snpindel/acaf_threshold/bgen/acaf_threshold.chr11.bgen	acaf_chr11_15878733_20728900	chr11	15878733	20728900
gs://vwb-aou-datasets-controlled/v9/wgs/short_read/snpindel/acaf_threshold/bgen/acaf_threshold.chr11.bgen	acaf_chr11_20728909_24898468	chr11	20728909	24898468
gs://vwb-aou-datasets-controlled/v9/wgs/short_read/snpindel/acaf_threshold/bgen/acaf_threshold.chr11.bgen	acaf_chr11_24898468_29398178	chr11	24898468	29398178
gs://vwb-aou-datasets-controlled/v9/wgs/short_read/snpindel/acaf_threshold/bgen/acaf_threshold.chr11.bgen	acaf_chr11_29398278_34082243	chr11	29398278	34082243
gs://vwb-aou-datasets-controlled/v9/wgs/short_read/snpindel/acaf_threshold/bgen/acaf_threshold.chr11.bgen	acaf_chr11_34082257_38740660	chr11	34082257	38740660
gs://vwb-aou-datasets-controlled/v9/wgs/short_read/snpindel/acaf_threshold/bgen/acaf_threshold.chr11.bgen	acaf_chr11_38740660_43101195	chr11	38740660	43101195
gs://vwb-aou-datasets-controlled/v9/wgs/short_read/snpindel/acaf_threshold/bgen/acaf_threshold.chr11.bgen	acaf_chr11_43101195_47866297	chr11	43101195	47866297
gs://vwb-aou-datasets-controlled/v9/wgs/short_read/snpindel/acaf_threshold/bgen/acaf_threshold.chr11.bgen	acaf_chr11_47866297_54913291	chr11	47866297	54913291
gs://vwb-aou-datasets-controlled/v9/wgs/short_read/snpindel/acaf_threshold/bgen/acaf_threshold.chr11.bgen	acaf_chr11_54913292_58983479	chr11	54913292	58983479
gs://vwb-aou-datasets-controlled/v9/wgs/short_read/snpindel/acaf_threshold/bgen/acaf_threshold.chr11.bgen	acaf_chr11_58983479_63358083	chr11	58983479	63358083
gs://vwb-aou-datasets-controlled/v9/wgs/short_read/snpindel/acaf_threshold/bgen/acaf_threshold.chr11.bgen	acaf_chr11_63358113_67821427	chr11	63358113	67821427
gs://vwb-aou-datasets-controlled/v9/wgs/short_read/snpindel/acaf_threshold/bgen/acaf_threshold.chr11.bgen	acaf_chr11_67821427_71644445	chr11	67821427	71644445
gs://vwb-aou-datasets-controlled/v9/wgs/short_read/snpindel/acaf_threshold/bgen/acaf_threshold.chr11.bgen	acaf_chr11_71644483_76321485	chr11	71644483	76321485
gs://vwb-aou-datasets-controlled/v9/wgs/short_read/snpindel/acaf_threshold/bgen/acaf_threshold.chr11.bgen	acaf_chr11_76321485_80980223	chr11	76321485	80980223
gs://vwb-aou-datasets-controlled/v9/wgs/short_read/snpindel/acaf_threshold/bgen/acaf_threshold.chr11.bgen	acaf_chr11_80980223_85560165	chr11	80980223	85560165
gs://vwb-aou-datasets-controlled/v9/wgs/short_read/snpindel/acaf_threshold/bgen/acaf_threshold.chr11.bgen	acaf_chr11_85560165_89926134	chr11	85560165	89926134
gs://vwb-aou-datasets-controlled/v9/wgs/short_read/snpindel/acaf_threshold/bgen/acaf_threshold.chr11.bgen	acaf_chr11_89926134_94641214	chr11	89926134	94641214
gs://vwb-aou-datasets-controlled/v9/wgs/short_read/snpindel/acaf_threshold/bgen/acaf_threshold.chr11.bgen	acaf_chr11_94641238_99168376	chr11	94641238	99168376
gs://vwb-aou-datasets-controlled/v9/wgs/short_read/snpindel/acaf_threshold/bgen/acaf_threshold.chr11.bgen	acaf_chr11_99168412_103706430	chr11	99168412	103706430
gs://vwb-aou-datasets-controlled/v9/wgs/short_read/snpindel/acaf_threshold/bgen/acaf_threshold.chr11.bgen	acaf_chr11_103706430_108571967	chr11	103706430	108571967
gs://vwb-aou-datasets-controlled/v9/wgs/short_read/snpindel/acaf_threshold/bgen/acaf_threshold.chr11.bgen	acaf_chr11_108571967_113488491	chr11	108571967	113488491
gs://vwb-aou-datasets-controlled/v9/wgs/short_read/snpindel/acaf_threshold/bgen/acaf_threshold.chr11.bgen	acaf_chr11_113488491_117858723	chr11	113488491	117858723
gs://vwb-aou-datasets-controlled/v9/wgs/short_read/snpindel/acaf_threshold/bgen/acaf_threshold.chr11.bgen	acaf_chr11_117858723_122429960	chr11	117858723	122429960
gs://vwb-aou-datasets-controlled/v9/wgs/short_read/snpindel/acaf_threshold/bgen/acaf_threshold.chr11.bgen	acaf_chr11_122429979_126951317	chr11	122429979	126951317
gs://vwb-aou-datasets-controlled/v9/wgs/short_read/snpindel/acaf_threshold/bgen/acaf_threshold.chr11.bgen	acaf_chr11_126951317_131419155	chr11	126951317	131419155
gs://vwb-aou-datasets-controlled/v9/wgs/short_read/snpindel/acaf_threshold/bgen/acaf_threshold.chr11.bgen	acaf_chr11_131419155_135076622	chr11	131419155	135076622
gs://vwb-aou-datasets-controlled/v9/wgs/short_read/snpindel/acaf_threshold/bgen/acaf_threshold.chr12.bgen	acaf_chr12_10050_3411203	chr12	10050	3411203
gs://vwb-aou-datasets-controlled/v9/wgs/short_read/snpindel/acaf_threshold/bgen/acaf_threshold.chr12.bgen	acaf_chr12_3411207_7725190	chr12	3411207	7725190
gs://vwb-aou-datasets-controlled/v9/wgs/short_read/snpindel/acaf_threshold/bgen/acaf_threshold.chr12.bgen	acaf_chr12_7725255_11744270	chr12	7725255	11744270
gs://vwb-aou-datasets-controlled/v9/wgs/short_read/snpindel/acaf_threshold/bgen/acaf_threshold.chr12.bgen	acaf_chr12_11744368_16272613	chr12	11744368	16272613
gs://vwb-aou-datasets-controlled/v9/wgs/short_read/snpindel/acaf_threshold/bgen/acaf_threshold.chr12.bgen	acaf_chr12_16272628_20860597	chr12	16272628	20860597
gs://vwb-aou-datasets-controlled/v9/wgs/short_read/snpindel/acaf_threshold/bgen/acaf_threshold.chr12.bgen	acaf_chr12_20860597_25552891	chr12	20860597	25552891
gs://vwb-aou-datasets-controlled/v9/wgs/short_read/snpindel/acaf_threshold/bgen/acaf_threshold.chr12.bgen	acaf_chr12_25552902_30247601	chr12	25552902	30247601
gs://vwb-aou-datasets-controlled/v9/wgs/short_read/snpindel/acaf_threshold/bgen/acaf_threshold.chr12.bgen	acaf_chr12_30247602_34368287	chr12	30247602	34368287
gs://vwb-aou-datasets-controlled/v9/wgs/short_read/snpindel/acaf_threshold/bgen/acaf_threshold.chr12.bgen	acaf_chr12_34368287_40307784	chr12	34368287	40307784
gs://vwb-aou-datasets-controlled/v9/wgs/short_read/snpindel/acaf_threshold/bgen/acaf_threshold.chr12.bgen	acaf_chr12_40307784_45163423	chr12	40307784	45163423
gs://vwb-aou-datasets-controlled/v9/wgs/short_read/snpindel/acaf_threshold/bgen/acaf_threshold.chr12.bgen	acaf_chr12_45163512_49854941	chr12	45163512	49854941
gs://vwb-aou-datasets-controlled/v9/wgs/short_read/snpindel/acaf_threshold/bgen/acaf_threshold.chr12.bgen	acaf_chr12_49854943_54013999	chr12	49854943	54013999
gs://vwb-aou-datasets-controlled/v9/wgs/short_read/snpindel/acaf_threshold/bgen/acaf_threshold.chr12.bgen	acaf_chr12_54013999_58731618	chr12	54013999	58731618
gs://vwb-aou-datasets-controlled/v9/wgs/short_read/snpindel/acaf_threshold/bgen/acaf_threshold.chr12.bgen	acaf_chr12_58731618_63591940	chr12	58731618	63591940
gs://vwb-aou-datasets-controlled/v9/wgs/short_read/snpindel/acaf_threshold/bgen/acaf_threshold.chr12.bgen	acaf_chr12_63591940_68541723	chr12	63591940	68541723
gs://vwb-aou-datasets-controlled/v9/wgs/short_read/snpindel/acaf_threshold/bgen/acaf_threshold.chr12.bgen	acaf_chr12_68541723_73382601	chr12	68541723	73382601
gs://vwb-aou-datasets-controlled/v9/wgs/short_read/snpindel/acaf_threshold/bgen/acaf_threshold.chr12.bgen	acaf_chr12_73382705_77987652	chr12	73382705	77987652
gs://vwb-aou-datasets-controlled/v9/wgs/short_read/snpindel/acaf_threshold/bgen/acaf_threshold.chr12.bgen	acaf_chr12_77987783_82865058	chr12	77987783	82865058
gs://vwb-aou-datasets-controlled/v9/wgs/short_read/snpindel/acaf_threshold/bgen/acaf_threshold.chr12.bgen	acaf_chr12_82865058_87652253	chr12	82865058	87652253
gs://vwb-aou-datasets-controlled/v9/wgs/short_read/snpindel/acaf_threshold/bgen/acaf_threshold.chr12.bgen	acaf_chr12_87652257_92999131	chr12	87652257	92999131
gs://vwb-aou-datasets-controlled/v9/wgs/short_read/snpindel/acaf_threshold/bgen/acaf_threshold.chr12.bgen	acaf_chr12_92999160_97273929	chr12	92999160	97273929
gs://vwb-aou-datasets-controlled/v9/wgs/short_read/snpindel/acaf_threshold/bgen/acaf_threshold.chr12.bgen	acaf_chr12_97273944_102151785	chr12	97273944	102151785
gs://vwb-aou-datasets-controlled/v9/wgs/short_read/snpindel/acaf_threshold/bgen/acaf_threshold.chr12.bgen	acaf_chr12_102151795_106896695	chr12	102151795	106896695
gs://vwb-aou-datasets-controlled/v9/wgs/short_read/snpindel/acaf_threshold/bgen/acaf_threshold.chr12.bgen	acaf_chr12_106896695_111330694	chr12	106896695	111330694
gs://vwb-aou-datasets-controlled/v9/wgs/short_read/snpindel/acaf_threshold/bgen/acaf_threshold.chr12.bgen	acaf_chr12_111330694_115352947	chr12	111330694	115352947
gs://vwb-aou-datasets-controlled/v9/wgs/short_read/snpindel/acaf_threshold/bgen/acaf_threshold.chr12.bgen	acaf_chr12_115352947_119659263	chr12	115352947	119659263
gs://vwb-aou-datasets-controlled/v9/wgs/short_read/snpindel/acaf_threshold/bgen/acaf_threshold.chr12.bgen	acaf_chr12_119659331_123536907	chr12	119659331	123536907
gs://vwb-aou-datasets-controlled/v9/wgs/short_read/snpindel/acaf_threshold/bgen/acaf_threshold.chr12.bgen	acaf_chr12_123536907_127225586	chr12	123536907	127225586
gs://vwb-aou-datasets-controlled/v9/wgs/short_read/snpindel/acaf_threshold/bgen/acaf_threshold.chr12.bgen	acaf_chr12_127225586_130618080	chr12	127225586	130618080
gs://vwb-aou-datasets-controlled/v9/wgs/short_read/snpindel/acaf_threshold/bgen/acaf_threshold.chr12.bgen	acaf_chr12_130618146_133265309	chr12	130618146	133265309
gs://vwb-aou-datasets-controlled/v9/wgs/short_read/snpindel/acaf_threshold/bgen/acaf_threshold.chr13.bgen	acaf_chr13_18171423_21853569	chr13	18171423	21853569
gs://vwb-aou-datasets-controlled/v9/wgs/short_read/snpindel/acaf_threshold/bgen/acaf_threshold.chr13.bgen	acaf_chr13_21853570_25645887	chr13	21853570	25645887
gs://vwb-aou-datasets-controlled/v9/wgs/short_read/snpindel/acaf_threshold/bgen/acaf_threshold.chr13.bgen	acaf_chr13_25645959_29788878	chr13	25645959	29788878
gs://vwb-aou-datasets-controlled/v9/wgs/short_read/snpindel/acaf_threshold/bgen/acaf_threshold.chr13.bgen	acaf_chr13_29788878_34268221	chr13	29788878	34268221
gs://vwb-aou-datasets-controlled/v9/wgs/short_read/snpindel/acaf_threshold/bgen/acaf_threshold.chr13.bgen	acaf_chr13_34268227_39050747	chr13	34268227	39050747
gs://vwb-aou-datasets-controlled/v9/wgs/short_read/snpindel/acaf_threshold/bgen/acaf_threshold.chr13.bgen	acaf_chr13_39050747_43790630	chr13	39050747	43790630
gs://vwb-aou-datasets-controlled/v9/wgs/short_read/snpindel/acaf_threshold/bgen/acaf_threshold.chr13.bgen	acaf_chr13_43790630_48576920	chr13	43790630	48576920
gs://vwb-aou-datasets-controlled/v9/wgs/short_read/snpindel/acaf_threshold/bgen/acaf_threshold.chr13.bgen	acaf_chr13_48576923_53975291	chr13	48576923	53975291
gs://vwb-aou-datasets-controlled/v9/wgs/short_read/snpindel/acaf_threshold/bgen/acaf_threshold.chr13.bgen	acaf_chr13_53975329_59094669	chr13	53975329	59094669
gs://vwb-aou-datasets-controlled/v9/wgs/short_read/snpindel/acaf_threshold/bgen/acaf_threshold.chr13.bgen	acaf_chr13_59094683_63827603	chr13	59094683	63827603
gs://vwb-aou-datasets-controlled/v9/wgs/short_read/snpindel/acaf_threshold/bgen/acaf_threshold.chr13.bgen	acaf_chr13_63827603_68657585	chr13	63827603	68657585
gs://vwb-aou-datasets-controlled/v9/wgs/short_read/snpindel/acaf_threshold/bgen/acaf_threshold.chr13.bgen	acaf_chr13_68657626_73193195	chr13	68657626	73193195
gs://vwb-aou-datasets-controlled/v9/wgs/short_read/snpindel/acaf_threshold/bgen/acaf_threshold.chr13.bgen	acaf_chr13_73193195_77995629	chr13	73193195	77995629
gs://vwb-aou-datasets-controlled/v9/wgs/short_read/snpindel/acaf_threshold/bgen/acaf_threshold.chr13.bgen	acaf_chr13_77995635_82795741	chr13	77995635	82795741
gs://vwb-aou-datasets-controlled/v9/wgs/short_read/snpindel/acaf_threshold/bgen/acaf_threshold.chr13.bgen	acaf_chr13_82795741_87212654	chr13	82795741	87212654
gs://vwb-aou-datasets-controlled/v9/wgs/short_read/snpindel/acaf_threshold/bgen/acaf_threshold.chr13.bgen	acaf_chr13_87212698_91634567	chr13	87212698	91634567
gs://vwb-aou-datasets-controlled/v9/wgs/short_read/snpindel/acaf_threshold/bgen/acaf_threshold.chr13.bgen	acaf_chr13_91634597_96254478	chr13	91634597	96254478
gs://vwb-aou-datasets-controlled/v9/wgs/short_read/snpindel/acaf_threshold/bgen/acaf_threshold.chr13.bgen	acaf_chr13_96254478_100712067	chr13	96254478	100712067
gs://vwb-aou-datasets-controlled/v9/wgs/short_read/snpindel/acaf_threshold/bgen/acaf_threshold.chr13.bgen	acaf_chr13_100712067_105108260	chr13	100712067	105108260
gs://vwb-aou-datasets-controlled/v9/wgs/short_read/snpindel/acaf_threshold/bgen/acaf_threshold.chr13.bgen	acaf_chr13_105108321_109398917	chr13	105108321	109398917
gs://vwb-aou-datasets-controlled/v9/wgs/short_read/snpindel/acaf_threshold/bgen/acaf_threshold.chr13.bgen	acaf_chr13_109399100_112962166	chr13	109399100	112962166
gs://vwb-aou-datasets-controlled/v9/wgs/short_read/snpindel/acaf_threshold/bgen/acaf_threshold.chr13.bgen	acaf_chr13_112962183_114354328	chr13	112962183	114354328
gs://vwb-aou-datasets-controlled/v9/wgs/short_read/snpindel/acaf_threshold/bgen/acaf_threshold.chr14.bgen	acaf_chr14_18223545_22434173	chr14	18223545	22434173
gs://vwb-aou-datasets-controlled/v9/wgs/short_read/snpindel/acaf_threshold/bgen/acaf_threshold.chr14.bgen	acaf_chr14_22434285_27183251	chr14	22434285	27183251
gs://vwb-aou-datasets-controlled/v9/wgs/short_read/snpindel/acaf_threshold/bgen/acaf_threshold.chr14.bgen	acaf_chr14_27183251_31953828	chr14	27183251	31953828
gs://vwb-aou-datasets-controlled/v9/wgs/short_read/snpindel/acaf_threshold/bgen/acaf_threshold.chr14.bgen	acaf_chr14_31953852_36217181	chr14	31953852	36217181
gs://vwb-aou-datasets-controlled/v9/wgs/short_read/snpindel/acaf_threshold/bgen/acaf_threshold.chr14.bgen	acaf_chr14_36217187_41205908	chr14	36217187	41205908
gs://vwb-aou-datasets-controlled/v9/wgs/short_read/snpindel/acaf_threshold/bgen/acaf_threshold.chr14.bgen	acaf_chr14_41205963_45562277	chr14	41205963	45562277
gs://vwb-aou-datasets-controlled/v9/wgs/short_read/snpindel/acaf_threshold/bgen/acaf_threshold.chr14.bgen	acaf_chr14_45562277_50035417	chr14	45562277	50035417
gs://vwb-aou-datasets-controlled/v9/wgs/short_read/snpindel/acaf_threshold/bgen/acaf_threshold.chr14.bgen	acaf_chr14_50035457_54713569	chr14	50035457	54713569
gs://vwb-aou-datasets-controlled/v9/wgs/short_read/snpindel/acaf_threshold/bgen/acaf_threshold.chr14.bgen	acaf_chr14_54713569_59141584	chr14	54713569	59141584
gs://vwb-aou-datasets-controlled/v9/wgs/short_read/snpindel/acaf_threshold/bgen/acaf_threshold.chr14.bgen	acaf_chr14_59141584_63884127	chr14	59141584	63884127
gs://vwb-aou-datasets-controlled/v9/wgs/short_read/snpindel/acaf_threshold/bgen/acaf_threshold.chr14.bgen	acaf_chr14_63884127_68845078	chr14	63884127	68845078
gs://vwb-aou-datasets-controlled/v9/wgs/short_read/snpindel/acaf_threshold/bgen/acaf_threshold.chr14.bgen	acaf_chr14_68845078_73405435	chr14	68845078	73405435
gs://vwb-aou-datasets-controlled/v9/wgs/short_read/snpindel/acaf_threshold/bgen/acaf_threshold.chr14.bgen	acaf_chr14_73405435_77529621	chr14	73405435	77529621
gs://vwb-aou-datasets-controlled/v9/wgs/short_read/snpindel/acaf_threshold/bgen/acaf_threshold.chr14.bgen	acaf_chr14_77529621_82260432	chr14	77529621	82260432
gs://vwb-aou-datasets-controlled/v9/wgs/short_read/snpindel/acaf_threshold/bgen/acaf_threshold.chr14.bgen	acaf_chr14_82260432_86570456	chr14	82260432	86570456
gs://vwb-aou-datasets-controlled/v9/wgs/short_read/snpindel/acaf_threshold/bgen/acaf_threshold.chr14.bgen	acaf_chr14_86570456_90675075	chr14	86570456	90675075
gs://vwb-aou-datasets-controlled/v9/wgs/short_read/snpindel/acaf_threshold/bgen/acaf_threshold.chr14.bgen	acaf_chr14_90675075_95101403	chr14	90675075	95101403
gs://vwb-aou-datasets-controlled/v9/wgs/short_read/snpindel/acaf_threshold/bgen/acaf_threshold.chr14.bgen	acaf_chr14_95101437_99305997	chr14	95101437	99305997
gs://vwb-aou-datasets-controlled/v9/wgs/short_read/snpindel/acaf_threshold/bgen/acaf_threshold.chr14.bgen	acaf_chr14_99305997_103113376	chr14	99305997	103113376
gs://vwb-aou-datasets-controlled/v9/wgs/short_read/snpindel/acaf_threshold/bgen/acaf_threshold.chr14.bgen	acaf_chr14_103113376_106456625	chr14	103113376	106456625
gs://vwb-aou-datasets-controlled/v9/wgs/short_read/snpindel/acaf_threshold/bgen/acaf_threshold.chr14.bgen	acaf_chr14_106456708_106883717	chr14	106456708	106883717
gs://vwb-aou-datasets-controlled/v9/wgs/short_read/snpindel/acaf_threshold/bgen/acaf_threshold.chr15.bgen	acaf_chr15_17000136_23454167	chr15	17000136	23454167
gs://vwb-aou-datasets-controlled/v9/wgs/short_read/snpindel/acaf_threshold/bgen/acaf_threshold.chr15.bgen	acaf_chr15_23454168_27267343	chr15	23454168	27267343
gs://vwb-aou-datasets-controlled/v9/wgs/short_read/snpindel/acaf_threshold/bgen/acaf_threshold.chr15.bgen	acaf_chr15_27267347_31510857	chr15	27267347	31510857
gs://vwb-aou-datasets-controlled/v9/wgs/short_read/snpindel/acaf_threshold/bgen/acaf_threshold.chr15.bgen	acaf_chr15_31510857_36044436	chr15	31510857	36044436
gs://vwb-aou-datasets-controlled/v9/wgs/short_read/snpindel/acaf_threshold/bgen/acaf_threshold.chr15.bgen	acaf_chr15_36044436_40924803	chr15	36044436	40924803
gs://vwb-aou-datasets-controlled/v9/wgs/short_read/snpindel/acaf_threshold/bgen/acaf_threshold.chr15.bgen	acaf_chr15_40924803_45463253	chr15	40924803	45463253
gs://vwb-aou-datasets-controlled/v9/wgs/short_read/snpindel/acaf_threshold/bgen/acaf_threshold.chr15.bgen	acaf_chr15_45463253_50468431	chr15	45463253	50468431
gs://vwb-aou-datasets-controlled/v9/wgs/short_read/snpindel/acaf_threshold/bgen/acaf_threshold.chr15.bgen	acaf_chr15_50468489_54897707	chr15	50468489	54897707
gs://vwb-aou-datasets-controlled/v9/wgs/short_read/snpindel/acaf_threshold/bgen/acaf_threshold.chr15.bgen	acaf_chr15_54897740_58873876	chr15	54897740	58873876
gs://vwb-aou-datasets-controlled/v9/wgs/short_read/snpindel/acaf_threshold/bgen/acaf_threshold.chr15.bgen	acaf_chr15_58873962_62924369	chr15	58873962	62924369
gs://vwb-aou-datasets-controlled/v9/wgs/short_read/snpindel/acaf_threshold/bgen/acaf_threshold.chr15.bgen	acaf_chr15_62924373_67183024	chr15	62924373	67183024
gs://vwb-aou-datasets-controlled/v9/wgs/short_read/snpindel/acaf_threshold/bgen/acaf_threshold.chr15.bgen	acaf_chr15_67183024_71805941	chr15	67183024	71805941
gs://vwb-aou-datasets-controlled/v9/wgs/short_read/snpindel/acaf_threshold/bgen/acaf_threshold.chr15.bgen	acaf_chr15_71805941_76652293	chr15	71805941	76652293
gs://vwb-aou-datasets-controlled/v9/wgs/short_read/snpindel/acaf_threshold/bgen/acaf_threshold.chr15.bgen	acaf_chr15_76652293_80899648	chr15	76652293	80899648
gs://vwb-aou-datasets-controlled/v9/wgs/short_read/snpindel/acaf_threshold/bgen/acaf_threshold.chr15.bgen	acaf_chr15_80899648_85633525	chr15	80899648	85633525
gs://vwb-aou-datasets-controlled/v9/wgs/short_read/snpindel/acaf_threshold/bgen/acaf_threshold.chr15.bgen	acaf_chr15_85633525_89362532	chr15	85633525	89362532
gs://vwb-aou-datasets-controlled/v9/wgs/short_read/snpindel/acaf_threshold/bgen/acaf_threshold.chr15.bgen	acaf_chr15_89362534_93033475	chr15	89362534	93033475
gs://vwb-aou-datasets-controlled/v9/wgs/short_read/snpindel/acaf_threshold/bgen/acaf_threshold.chr15.bgen	acaf_chr15_93033475_97217392	chr15	93033475	97217392
gs://vwb-aou-datasets-controlled/v9/wgs/short_read/snpindel/acaf_threshold/bgen/acaf_threshold.chr15.bgen	acaf_chr15_97217473_101021767	chr15	97217473	101021767
gs://vwb-aou-datasets-controlled/v9/wgs/short_read/snpindel/acaf_threshold/bgen/acaf_threshold.chr15.bgen	acaf_chr15_101021767_101981189	chr15	101021767	101981189
gs://vwb-aou-datasets-controlled/v9/wgs/short_read/snpindel/acaf_threshold/bgen/acaf_threshold.chr16.bgen	acaf_chr16_10009_2507635	chr16	10009	2507635
gs://vwb-aou-datasets-controlled/v9/wgs/short_read/snpindel/acaf_threshold/bgen/acaf_threshold.chr16.bgen	acaf_chr16_2507635_5649118	chr16	2507635	5649118
gs://vwb-aou-datasets-controlled/v9/wgs/short_read/snpindel/acaf_threshold/bgen/acaf_threshold.chr16.bgen	acaf_chr16_5649118_7557637	chr16	5649118	7557637
gs://vwb-aou-datasets-controlled/v9/wgs/short_read/snpindel/acaf_threshold/bgen/acaf_threshold.chr16.bgen	acaf_chr16_7557637_10355581	chr16	7557637	10355581
gs://vwb-aou-datasets-controlled/v9/wgs/short_read/snpindel/acaf_threshold/bgen/acaf_threshold.chr16.bgen	acaf_chr16_10355581_13188740	chr16	10355581	13188740
gs://vwb-aou-datasets-controlled/v9/wgs/short_read/snpindel/acaf_threshold/bgen/acaf_threshold.chr16.bgen	acaf_chr16_13188754_17379508	chr16	13188754	17379508
gs://vwb-aou-datasets-controlled/v9/wgs/short_read/snpindel/acaf_threshold/bgen/acaf_threshold.chr16.bgen	acaf_chr16_17379660_21836021	chr16	17379660	21836021
gs://vwb-aou-datasets-controlled/v9/wgs/short_read/snpindel/acaf_threshold/bgen/acaf_threshold.chr16.bgen	acaf_chr16_21836021_25873409	chr16	21836021	25873409
gs://vwb-aou-datasets-controlled/v9/wgs/short_read/snpindel/acaf_threshold/bgen/acaf_threshold.chr16.bgen	acaf_chr16_25873409_29843551	chr16	25873409	29843551
gs://vwb-aou-datasets-controlled/v9/wgs/short_read/snpindel/acaf_threshold/bgen/acaf_threshold.chr16.bgen	acaf_chr16_29843551_34834010	chr16	29843551	34834010
gs://vwb-aou-datasets-controlled/v9/wgs/short_read/snpindel/acaf_threshold/bgen/acaf_threshold.chr16.bgen	acaf_chr16_34834028_49939726	chr16	34834028	49939726
gs://vwb-aou-datasets-controlled/v9/wgs/short_read/snpindel/acaf_threshold/bgen/acaf_threshold.chr16.bgen	acaf_chr16_49939744_54466454	chr16	49939744	54466454
gs://vwb-aou-datasets-controlled/v9/wgs/short_read/snpindel/acaf_threshold/bgen/acaf_threshold.chr16.bgen	acaf_chr16_54466546_58695492	chr16	54466546	58695492
gs://vwb-aou-datasets-controlled/v9/wgs/short_read/snpindel/acaf_threshold/bgen/acaf_threshold.chr16.bgen	acaf_chr16_58695492_63021027	chr16	58695492	63021027
gs://vwb-aou-datasets-controlled/v9/wgs/short_read/snpindel/acaf_threshold/bgen/acaf_threshold.chr16.bgen	acaf_chr16_63021067_67631685	chr16	63021067	67631685
gs://vwb-aou-datasets-controlled/v9/wgs/short_read/snpindel/acaf_threshold/bgen/acaf_threshold.chr16.bgen	acaf_chr16_67631685_72057630	chr16	67631685	72057630
gs://vwb-aou-datasets-controlled/v9/wgs/short_read/snpindel/acaf_threshold/bgen/acaf_threshold.chr16.bgen	acaf_chr16_72057630_75881731	chr16	72057630	75881731
gs://vwb-aou-datasets-controlled/v9/wgs/short_read/snpindel/acaf_threshold/bgen/acaf_threshold.chr16.bgen	acaf_chr16_75881738_78844690	chr16	75881738	78844690
gs://vwb-aou-datasets-controlled/v9/wgs/short_read/snpindel/acaf_threshold/bgen/acaf_threshold.chr16.bgen	acaf_chr16_78844715_81704500	chr16	78844715	81704500
gs://vwb-aou-datasets-controlled/v9/wgs/short_read/snpindel/acaf_threshold/bgen/acaf_threshold.chr16.bgen	acaf_chr16_81704500_84444183	chr16	81704500	84444183
gs://vwb-aou-datasets-controlled/v9/wgs/short_read/snpindel/acaf_threshold/bgen/acaf_threshold.chr16.bgen	acaf_chr16_84444183_86987315	chr16	84444183	86987315
gs://vwb-aou-datasets-controlled/v9/wgs/short_read/snpindel/acaf_threshold/bgen/acaf_threshold.chr16.bgen	acaf_chr16_86987315_89414063	chr16	86987315	89414063
gs://vwb-aou-datasets-controlled/v9/wgs/short_read/snpindel/acaf_threshold/bgen/acaf_threshold.chr16.bgen	acaf_chr16_89414114_90227315	chr16	89414114	90227315
gs://vwb-aou-datasets-controlled/v9/wgs/short_read/snpindel/acaf_threshold/bgen/acaf_threshold.chr17.bgen	acaf_chr17_60103_2747049	chr17	60103	2747049
gs://vwb-aou-datasets-controlled/v9/wgs/short_read/snpindel/acaf_threshold/bgen/acaf_threshold.chr17.bgen	acaf_chr17_2747062_6150707	chr17	2747062	6150707
gs://vwb-aou-datasets-controlled/v9/wgs/short_read/snpindel/acaf_threshold/bgen/acaf_threshold.chr17.bgen	acaf_chr17_6150707_9784429	chr17	6150707	9784429
gs://vwb-aou-datasets-controlled/v9/wgs/short_read/snpindel/acaf_threshold/bgen/acaf_threshold.chr17.bgen	acaf_chr17_9784449_13615593	chr17	9784449	13615593
gs://vwb-aou-datasets-controlled/v9/wgs/short_read/snpindel/acaf_threshold/bgen/acaf_threshold.chr17.bgen	acaf_chr17_13615685_17894975	chr17	13615685	17894975
gs://vwb-aou-datasets-controlled/v9/wgs/short_read/snpindel/acaf_threshold/bgen/acaf_threshold.chr17.bgen	acaf_chr17_17894975_21970603	chr17	17894975	21970603
gs://vwb-aou-datasets-controlled/v9/wgs/short_read/snpindel/acaf_threshold/bgen/acaf_threshold.chr17.bgen	acaf_chr17_21970603_29264375	chr17	21970603	29264375
gs://vwb-aou-datasets-controlled/v9/wgs/short_read/snpindel/acaf_threshold/bgen/acaf_threshold.chr17.bgen	acaf_chr17_29264375_33858063	chr17	29264375	33858063
gs://vwb-aou-datasets-controlled/v9/wgs/short_read/snpindel/acaf_threshold/bgen/acaf_threshold.chr17.bgen	acaf_chr17_33858153_38470403	chr17	33858153	38470403
gs://vwb-aou-datasets-controlled/v9/wgs/short_read/snpindel/acaf_threshold/bgen/acaf_threshold.chr17.bgen	acaf_chr17_38470452_42668815	chr17	38470452	42668815
gs://vwb-aou-datasets-controlled/v9/wgs/short_read/snpindel/acaf_threshold/bgen/acaf_threshold.chr17.bgen	acaf_chr17_42668815_46620314	chr17	42668815	46620314
gs://vwb-aou-datasets-controlled/v9/wgs/short_read/snpindel/acaf_threshold/bgen/acaf_threshold.chr17.bgen	acaf_chr17_46620314_51077103	chr17	46620314	51077103
gs://vwb-aou-datasets-controlled/v9/wgs/short_read/snpindel/acaf_threshold/bgen/acaf_threshold.chr17.bgen	acaf_chr17_51077103_55854920	chr17	51077103	55854920
gs://vwb-aou-datasets-controlled/v9/wgs/short_read/snpindel/acaf_threshold/bgen/acaf_threshold.chr17.bgen	acaf_chr17_55854941_60728553	chr17	55854941	60728553
gs://vwb-aou-datasets-controlled/v9/wgs/short_read/snpindel/acaf_threshold/bgen/acaf_threshold.chr17.bgen	acaf_chr17_60728628_65320532	chr17	60728628	65320532
gs://vwb-aou-datasets-controlled/v9/wgs/short_read/snpindel/acaf_threshold/bgen/acaf_threshold.chr17.bgen	acaf_chr17_65320532_69383923	chr17	65320532	69383923
gs://vwb-aou-datasets-controlled/v9/wgs/short_read/snpindel/acaf_threshold/bgen/acaf_threshold.chr17.bgen	acaf_chr17_69383953_73192817	chr17	69383953	73192817
gs://vwb-aou-datasets-controlled/v9/wgs/short_read/snpindel/acaf_threshold/bgen/acaf_threshold.chr17.bgen	acaf_chr17_73192817_76920288	chr17	73192817	76920288
gs://vwb-aou-datasets-controlled/v9/wgs/short_read/snpindel/acaf_threshold/bgen/acaf_threshold.chr17.bgen	acaf_chr17_76920288_80083265	chr17	76920288	80083265
gs://vwb-aou-datasets-controlled/v9/wgs/short_read/snpindel/acaf_threshold/bgen/acaf_threshold.chr17.bgen	acaf_chr17_80083281_82970608	chr17	80083281	82970608
gs://vwb-aou-datasets-controlled/v9/wgs/short_read/snpindel/acaf_threshold/bgen/acaf_threshold.chr17.bgen	acaf_chr17_82970608_83247441	chr17	82970608	83247441
gs://vwb-aou-datasets-controlled/v9/wgs/short_read/snpindel/acaf_threshold/bgen/acaf_threshold.chr18.bgen	acaf_chr18_10004_3740962	chr18	10004	3740962
gs://vwb-aou-datasets-controlled/v9/wgs/short_read/snpindel/acaf_threshold/bgen/acaf_threshold.chr18.bgen	acaf_chr18_3740962_8341691	chr18	3740962	8341691
gs://vwb-aou-datasets-controlled/v9/wgs/short_read/snpindel/acaf_threshold/bgen/acaf_threshold.chr18.bgen	acaf_chr18_8341691_12567271	chr18	8341691	12567271
gs://vwb-aou-datasets-controlled/v9/wgs/short_read/snpindel/acaf_threshold/bgen/acaf_threshold.chr18.bgen	acaf_chr18_12567333_22197227	chr18	12567333	22197227
gs://vwb-aou-datasets-controlled/v9/wgs/short_read/snpindel/acaf_threshold/bgen/acaf_threshold.chr18.bgen	acaf_chr18_22197273_26880623	chr18	22197273	26880623
gs://vwb-aou-datasets-controlled/v9/wgs/short_read/snpindel/acaf_threshold/bgen/acaf_threshold.chr18.bgen	acaf_chr18_26880623_31553230	chr18	26880623	31553230
gs://vwb-aou-datasets-controlled/v9/wgs/short_read/snpindel/acaf_threshold/bgen/acaf_threshold.chr18.bgen	acaf_chr18_31553288_36748362	chr18	31553288	36748362
gs://vwb-aou-datasets-controlled/v9/wgs/short_read/snpindel/acaf_threshold/bgen/acaf_threshold.chr18.bgen	acaf_chr18_36748364_41634595	chr18	36748364	41634595
gs://vwb-aou-datasets-controlled/v9/wgs/short_read/snpindel/acaf_threshold/bgen/acaf_threshold.chr18.bgen	acaf_chr18_41634629_46446625	chr18	41634629	46446625
gs://vwb-aou-datasets-controlled/v9/wgs/short_read/snpindel/acaf_threshold/bgen/acaf_threshold.chr18.bgen	acaf_chr18_46446658_50833506	chr18	46446658	50833506
gs://vwb-aou-datasets-controlled/v9/wgs/short_read/snpindel/acaf_threshold/bgen/acaf_threshold.chr18.bgen	acaf_chr18_50833506_55099548	chr18	50833506	55099548
gs://vwb-aou-datasets-controlled/v9/wgs/short_read/snpindel/acaf_threshold/bgen/acaf_threshold.chr18.bgen	acaf_chr18_55099569_59622623	chr18	55099569	59622623
gs://vwb-aou-datasets-controlled/v9/wgs/short_read/snpindel/acaf_threshold/bgen/acaf_threshold.chr18.bgen	acaf_chr18_59622661_64226535	chr18	59622661	64226535
gs://vwb-aou-datasets-controlled/v9/wgs/short_read/snpindel/acaf_threshold/bgen/acaf_threshold.chr18.bgen	acaf_chr18_64226535_68350206	chr18	64226535	68350206
gs://vwb-aou-datasets-controlled/v9/wgs/short_read/snpindel/acaf_threshold/bgen/acaf_threshold.chr18.bgen	acaf_chr18_68350206_72697869	chr18	68350206	72697869
gs://vwb-aou-datasets-controlled/v9/wgs/short_read/snpindel/acaf_threshold/bgen/acaf_threshold.chr18.bgen	acaf_chr18_72697869_76773740	chr18	72697869	76773740
gs://vwb-aou-datasets-controlled/v9/wgs/short_read/snpindel/acaf_threshold/bgen/acaf_threshold.chr18.bgen	acaf_chr18_76773740_79648571	chr18	76773740	79648571
gs://vwb-aou-datasets-controlled/v9/wgs/short_read/snpindel/acaf_threshold/bgen/acaf_threshold.chr18.bgen	acaf_chr18_79648571_80263285	chr18	79648571	80263285
gs://vwb-aou-datasets-controlled/v9/wgs/short_read/snpindel/acaf_threshold/bgen/acaf_threshold.chr19.bgen	acaf_chr19_62935_2405082	chr19	62935	2405082
gs://vwb-aou-datasets-controlled/v9/wgs/short_read/snpindel/acaf_threshold/bgen/acaf_threshold.chr19.bgen	acaf_chr19_2405082_5084539	chr19	2405082	5084539
gs://vwb-aou-datasets-controlled/v9/wgs/short_read/snpindel/acaf_threshold/bgen/acaf_threshold.chr19.bgen	acaf_chr19_5084541_8044777	chr19	5084541	8044777
gs://vwb-aou-datasets-controlled/v9/wgs/short_read/snpindel/acaf_threshold/bgen/acaf_threshold.chr19.bgen	acaf_chr19_8044786_11217932	chr19	8044786	11217932
gs://vwb-aou-datasets-controlled/v9/wgs/short_read/snpindel/acaf_threshold/bgen/acaf_threshold.chr19.bgen	acaf_chr19_11217937_14612932	chr19	11217937	14612932
gs://vwb-aou-datasets-controlled/v9/wgs/short_read/snpindel/acaf_threshold/bgen/acaf_threshold.chr19.bgen	acaf_chr19_14612932_17867632	chr19	14612932	17867632
gs://vwb-aou-datasets-controlled/v9/wgs/short_read/snpindel/acaf_threshold/bgen/acaf_threshold.chr19.bgen	acaf_chr19_17867632_21620100	chr19	17867632	21620100
gs://vwb-aou-datasets-controlled/v9/wgs/short_read/snpindel/acaf_threshold/bgen/acaf_threshold.chr19.bgen	acaf_chr19_21620100_27787590	chr19	21620100	27787590
gs://vwb-aou-datasets-controlled/v9/wgs/short_read/snpindel/acaf_threshold/bgen/acaf_threshold.chr19.bgen	acaf_chr19_27787611_31752374	chr19	27787611	31752374
gs://vwb-aou-datasets-controlled/v9/wgs/short_read/snpindel/acaf_threshold/bgen/acaf_threshold.chr19.bgen	acaf_chr19_31752374_35699734	chr19	31752374	35699734
gs://vwb-aou-datasets-controlled/v9/wgs/short_read/snpindel/acaf_threshold/bgen/acaf_threshold.chr19.bgen	acaf_chr19_35699734_39755775	chr19	35699734	39755775
gs://vwb-aou-datasets-controlled/v9/wgs/short_read/snpindel/acaf_threshold/bgen/acaf_threshold.chr19.bgen	acaf_chr19_39755822_43557941	chr19	39755822	43557941
gs://vwb-aou-datasets-controlled/v9/wgs/short_read/snpindel/acaf_threshold/bgen/acaf_threshold.chr19.bgen	acaf_chr19_43558120_47345358	chr19	43558120	47345358
gs://vwb-aou-datasets-controlled/v9/wgs/short_read/snpindel/acaf_threshold/bgen/acaf_threshold.chr19.bgen	acaf_chr19_47345358_50592874	chr19	47345358	50592874
gs://vwb-aou-datasets-controlled/v9/wgs/short_read/snpindel/acaf_threshold/bgen/acaf_threshold.chr19.bgen	acaf_chr19_50592874_53925026	chr19	50592874	53925026
gs://vwb-aou-datasets-controlled/v9/wgs/short_read/snpindel/acaf_threshold/bgen/acaf_threshold.chr19.bgen	acaf_chr19_53925027_56395731	chr19	53925027	56395731
gs://vwb-aou-datasets-controlled/v9/wgs/short_read/snpindel/acaf_threshold/bgen/acaf_threshold.chr19.bgen	acaf_chr19_56395735_58607616	chr19	56395735	58607616
gs://vwb-aou-datasets-controlled/v9/wgs/short_read/snpindel/acaf_threshold/bgen/acaf_threshold.chr2.bgen	acaf_chr2_10025_3109938	chr2	10025	3109938
gs://vwb-aou-datasets-controlled/v9/wgs/short_read/snpindel/acaf_threshold/bgen/acaf_threshold.chr2.bgen	acaf_chr2_3109961_6906141	chr2	3109961	6906141
gs://vwb-aou-datasets-controlled/v9/wgs/short_read/snpindel/acaf_threshold/bgen/acaf_threshold.chr2.bgen	acaf_chr2_6906141_10924708	chr2	6906141	10924708
gs://vwb-aou-datasets-controlled/v9/wgs/short_read/snpindel/acaf_threshold/bgen/acaf_threshold.chr2.bgen	acaf_chr2_10924711_15006549	chr2	10924711	15006549
gs://vwb-aou-datasets-controlled/v9/wgs/short_read/snpindel/acaf_threshold/bgen/acaf_threshold.chr2.bgen	acaf_chr2_15006549_19530057	chr2	15006549	19530057
gs://vwb-aou-datasets-controlled/v9/wgs/short_read/snpindel/acaf_threshold/bgen/acaf_threshold.chr2.bgen	acaf_chr2_19530057_24408956	chr2	19530057	24408956
gs://vwb-aou-datasets-controlled/v9/wgs/short_read/snpindel/acaf_threshold/bgen/acaf_threshold.chr2.bgen	acaf_chr2_24409004_28976373	chr2	24409004	28976373
gs://vwb-aou-datasets-controlled/v9/wgs/short_read/snpindel/acaf_threshold/bgen/acaf_threshold.chr2.bgen	acaf_chr2_28976409_33277793	chr2	28976409	33277793
gs://vwb-aou-datasets-controlled/v9/wgs/short_read/snpindel/acaf_threshold/bgen/acaf_threshold.chr2.bgen	acaf_chr2_33277793_36927381	chr2	33277793	36927381
gs://vwb-aou-datasets-controlled/v9/wgs/short_read/snpindel/acaf_threshold/bgen/acaf_threshold.chr2.bgen	acaf_chr2_36927526_40747559	chr2	36927526	40747559
gs://vwb-aou-datasets-controlled/v9/wgs/short_read/snpindel/acaf_threshold/bgen/acaf_threshold.chr2.bgen	acaf_chr2_40747559_44434078	chr2	40747559	44434078
gs://vwb-aou-datasets-controlled/v9/wgs/short_read/snpindel/acaf_threshold/bgen/acaf_threshold.chr2.bgen	acaf_chr2_44434078_48501665	chr2	44434078	48501665
gs://vwb-aou-datasets-controlled/v9/wgs/short_read/snpindel/acaf_threshold/bgen/acaf_threshold.chr2.bgen	acaf_chr2_48501736_52585316	chr2	48501736	52585316
gs://vwb-aou-datasets-controlled/v9/wgs/short_read/snpindel/acaf_threshold/bgen/acaf_threshold.chr2.bgen	acaf_chr2_52585316_56701007	chr2	52585316	56701007
gs://vwb-aou-datasets-controlled/v9/wgs/short_read/snpindel/acaf_threshold/bgen/acaf_threshold.chr2.bgen	acaf_chr2_56701095_61106432	chr2	56701095	61106432
gs://vwb-aou-datasets-controlled/v9/wgs/short_read/snpindel/acaf_threshold/bgen/acaf_threshold.chr2.bgen	acaf_chr2_61106433_65805087	chr2	61106433	65805087
gs://vwb-aou-datasets-controlled/v9/wgs/short_read/snpindel/acaf_threshold/bgen/acaf_threshold.chr2.bgen	acaf_chr2_65805087_70380506	chr2	65805087	70380506
gs://vwb-aou-datasets-controlled/v9/wgs/short_read/snpindel/acaf_threshold/bgen/acaf_threshold.chr2.bgen	acaf_chr2_70380506_75226427	chr2	70380506	75226427
gs://vwb-aou-datasets-controlled/v9/wgs/short_read/snpindel/acaf_threshold/bgen/acaf_threshold.chr2.bgen	acaf_chr2_75226429_79483789	chr2	75226429	79483789
gs://vwb-aou-datasets-controlled/v9/wgs/short_read/snpindel/acaf_threshold/bgen/acaf_threshold.chr2.bgen	acaf_chr2_79483811_83974844	chr2	79483811	83974844
gs://vwb-aou-datasets-controlled/v9/wgs/short_read/snpindel/acaf_threshold/bgen/acaf_threshold.chr2.bgen	acaf_chr2_83974889_88181221	chr2	83974889	88181221
gs://vwb-aou-datasets-controlled/v9/wgs/short_read/snpindel/acaf_threshold/bgen/acaf_threshold.chr2.bgen	acaf_chr2_88181221_95070976	chr2	88181221	95070976
gs://vwb-aou-datasets-controlled/v9/wgs/short_read/snpindel/acaf_threshold/bgen/acaf_threshold.chr2.bgen	acaf_chr2_95070976_100936938	chr2	95070976	100936938
gs://vwb-aou-datasets-controlled/v9/wgs/short_read/snpindel/acaf_threshold/bgen/acaf_threshold.chr2.bgen	acaf_chr2_100936938_105507887	chr2	100936938	105507887
gs://vwb-aou-datasets-controlled/v9/wgs/short_read/snpindel/acaf_threshold/bgen/acaf_threshold.chr2.bgen	acaf_chr2_105507887_110213540	chr2	105507887	110213540
gs://vwb-aou-datasets-controlled/v9/wgs/short_read/snpindel/acaf_threshold/bgen/acaf_threshold.chr2.bgen	acaf_chr2_110213541_115282637	chr2	110213541	115282637
gs://vwb-aou-datasets-controlled/v9/wgs/short_read/snpindel/acaf_threshold/bgen/acaf_threshold.chr2.bgen	acaf_chr2_115282688_119512305	chr2	115282688	119512305
gs://vwb-aou-datasets-controlled/v9/wgs/short_read/snpindel/acaf_threshold/bgen/acaf_threshold.chr2.bgen	acaf_chr2_119512305_124108333	chr2	119512305	124108333
gs://vwb-aou-datasets-controlled/v9/wgs/short_read/snpindel/acaf_threshold/bgen/acaf_threshold.chr2.bgen	acaf_chr2_124108397_128434361	chr2	124108397	128434361
gs://vwb-aou-datasets-controlled/v9/wgs/short_read/snpindel/acaf_threshold/bgen/acaf_threshold.chr2.bgen	acaf_chr2_128434361_132878613	chr2	128434361	132878613
gs://vwb-aou-datasets-controlled/v9/wgs/short_read/snpindel/acaf_threshold/bgen/acaf_threshold.chr2.bgen	acaf_chr2_132878613_137728407	chr2	132878613	137728407
gs://vwb-aou-datasets-controlled/v9/wgs/short_read/snpindel/acaf_threshold/bgen/acaf_threshold.chr2.bgen	acaf_chr2_137728407_142249068	chr2	137728407	142249068
gs://vwb-aou-datasets-controlled/v9/wgs/short_read/snpindel/acaf_threshold/bgen/acaf_threshold.chr2.bgen	acaf_chr2_142249069_147597973	chr2	142249069	147597973
gs://vwb-aou-datasets-controlled/v9/wgs/short_read/snpindel/acaf_threshold/bgen/acaf_threshold.chr2.bgen	acaf_chr2_147597973_152804626	chr2	147597973	152804626
gs://vwb-aou-datasets-controlled/v9/wgs/short_read/snpindel/acaf_threshold/bgen/acaf_threshold.chr2.bgen	acaf_chr2_152804638_158063117	chr2	152804638	158063117
gs://vwb-aou-datasets-controlled/v9/wgs/short_read/snpindel/acaf_threshold/bgen/acaf_threshold.chr2.bgen	acaf_chr2_158063117_163341162	chr2	158063117	163341162
gs://vwb-aou-datasets-controlled/v9/wgs/short_read/snpindel/acaf_threshold/bgen/acaf_threshold.chr2.bgen	acaf_chr2_163341191_168195755	chr2	163341191	168195755
gs://vwb-aou-datasets-controlled/v9/wgs/short_read/snpindel/acaf_threshold/bgen/acaf_threshold.chr2.bgen	acaf_chr2_168195788_172489517	chr2	168195788	172489517
gs://vwb-aou-datasets-controlled/v9/wgs/short_read/snpindel/acaf_threshold/bgen/acaf_threshold.chr2.bgen	acaf_chr2_172489517_177582684	chr2	172489517	177582684
gs://vwb-aou-datasets-controlled/v9/wgs/short_read/snpindel/acaf_threshold/bgen/acaf_threshold.chr2.bgen	acaf_chr2_177582745_182694852	chr2	177582745	182694852
gs://vwb-aou-datasets-controlled/v9/wgs/short_read/snpindel/acaf_threshold/bgen/acaf_threshold.chr2.bgen	acaf_chr2_182694852_187820024	chr2	182694852	187820024
gs://vwb-aou-datasets-controlled/v9/wgs/short_read/snpindel/acaf_threshold/bgen/acaf_threshold.chr2.bgen	acaf_chr2_187820024_193137287	chr2	187820024	193137287
gs://vwb-aou-datasets-controlled/v9/wgs/short_read/snpindel/acaf_threshold/bgen/acaf_threshold.chr2.bgen	acaf_chr2_193137289_197998175	chr2	193137289	197998175
gs://vwb-aou-datasets-controlled/v9/wgs/short_read/snpindel/acaf_threshold/bgen/acaf_threshold.chr2.bgen	acaf_chr2_197998175_203323228	chr2	197998175	203323228
gs://vwb-aou-datasets-controlled/v9/wgs/short_read/snpindel/acaf_threshold/bgen/acaf_threshold.chr2.bgen	acaf_chr2_203323228_208078280	chr2	203323228	208078280
gs://vwb-aou-datasets-controlled/v9/wgs/short_read/snpindel/acaf_threshold/bgen/acaf_threshold.chr2.bgen	acaf_chr2_208078280_212698496	chr2	208078280	212698496
gs://vwb-aou-datasets-controlled/v9/wgs/short_read/snpindel/acaf_threshold/bgen/acaf_threshold.chr2.bgen	acaf_chr2_212698538_217266728	chr2	212698538	217266728
gs://vwb-aou-datasets-controlled/v9/wgs/short_read/snpindel/acaf_threshold/bgen/acaf_threshold.chr2.bgen	acaf_chr2_217266728_221837108	chr2	217266728	221837108
gs://vwb-aou-datasets-controlled/v9/wgs/short_read/snpindel/acaf_threshold/bgen/acaf_threshold.chr2.bgen	acaf_chr2_221837200_226451326	chr2	221837200	226451326
gs://vwb-aou-datasets-controlled/v9/wgs/short_read/snpindel/acaf_threshold/bgen/acaf_threshold.chr2.bgen	acaf_chr2_226451373_230625813	chr2	226451373	230625813
gs://vwb-aou-datasets-controlled/v9/wgs/short_read/snpindel/acaf_threshold/bgen/acaf_threshold.chr2.bgen	acaf_chr2_230625813_234481664	chr2	230625813	234481664
gs://vwb-aou-datasets-controlled/v9/wgs/short_read/snpindel/acaf_threshold/bgen/acaf_threshold.chr2.bgen	acaf_chr2_234481664_238118553	chr2	234481664	238118553
gs://vwb-aou-datasets-controlled/v9/wgs/short_read/snpindel/acaf_threshold/bgen/acaf_threshold.chr2.bgen	acaf_chr2_238118553_241526452	chr2	238118553	241526452
gs://vwb-aou-datasets-controlled/v9/wgs/short_read/snpindel/acaf_threshold/bgen/acaf_threshold.chr2.bgen	acaf_chr2_241526477_242183529	chr2	241526477	242183529
gs://vwb-aou-datasets-controlled/v9/wgs/short_read/snpindel/acaf_threshold/bgen/acaf_threshold.chr20.bgen	acaf_chr20_60083_4118781	chr20	60083	4118781
gs://vwb-aou-datasets-controlled/v9/wgs/short_read/snpindel/acaf_threshold/bgen/acaf_threshold.chr20.bgen	acaf_chr20_4118781_8414511	chr20	4118781	8414511
gs://vwb-aou-datasets-controlled/v9/wgs/short_read/snpindel/acaf_threshold/bgen/acaf_threshold.chr20.bgen	acaf_chr20_8414534_13393892	chr20	8414534	13393892
gs://vwb-aou-datasets-controlled/v9/wgs/short_read/snpindel/acaf_threshold/bgen/acaf_threshold.chr20.bgen	acaf_chr20_13393892_18043579	chr20	13393892	18043579
gs://vwb-aou-datasets-controlled/v9/wgs/short_read/snpindel/acaf_threshold/bgen/acaf_threshold.chr20.bgen	acaf_chr20_18043609_22635423	chr20	18043609	22635423
gs://vwb-aou-datasets-controlled/v9/wgs/short_read/snpindel/acaf_threshold/bgen/acaf_threshold.chr20.bgen	acaf_chr20_22635446_30413274	chr20	22635446	30413274
gs://vwb-aou-datasets-controlled/v9/wgs/short_read/snpindel/acaf_threshold/bgen/acaf_threshold.chr20.bgen	acaf_chr20_30413275_33443411	chr20	30413275	33443411
gs://vwb-aou-datasets-controlled/v9/wgs/short_read/snpindel/acaf_threshold/bgen/acaf_threshold.chr20.bgen	acaf_chr20_33443411_37914431	chr20	33443411	37914431
gs://vwb-aou-datasets-controlled/v9/wgs/short_read/snpindel/acaf_threshold/bgen/acaf_threshold.chr20.bgen	acaf_chr20_37914433_42734603	chr20	37914433	42734603
gs://vwb-aou-datasets-controlled/v9/wgs/short_read/snpindel/acaf_threshold/bgen/acaf_threshold.chr20.bgen	acaf_chr20_42734672_47250427	chr20	42734672	47250427
gs://vwb-aou-datasets-controlled/v9/wgs/short_read/snpindel/acaf_threshold/bgen/acaf_threshold.chr20.bgen	acaf_chr20_47250430_51229187	chr20	47250430	51229187
gs://vwb-aou-datasets-controlled/v9/wgs/short_read/snpindel/acaf_threshold/bgen/acaf_threshold.chr20.bgen	acaf_chr20_51229225_55424631	chr20	51229225	55424631
gs://vwb-aou-datasets-controlled/v9/wgs/short_read/snpindel/acaf_threshold/bgen/acaf_threshold.chr20.bgen	acaf_chr20_55424631_59480122	chr20	55424631	59480122
gs://vwb-aou-datasets-controlled/v9/wgs/short_read/snpindel/acaf_threshold/bgen/acaf_threshold.chr20.bgen	acaf_chr20_59480122_62696188	chr20	59480122	62696188
gs://vwb-aou-datasets-controlled/v9/wgs/short_read/snpindel/acaf_threshold/bgen/acaf_threshold.chr20.bgen	acaf_chr20_62696194_64334013	chr20	62696194	64334013
gs://vwb-aou-datasets-controlled/v9/wgs/short_read/snpindel/acaf_threshold/bgen/acaf_threshold.chr21.bgen	acaf_chr21_5030516_10018358	chr21	5030516	10018358
gs://vwb-aou-datasets-controlled/v9/wgs/short_read/snpindel/acaf_threshold/bgen/acaf_threshold.chr21.bgen	acaf_chr21_10018367_15644546	chr21	10018367	15644546
gs://vwb-aou-datasets-controlled/v9/wgs/short_read/snpindel/acaf_threshold/bgen/acaf_threshold.chr21.bgen	acaf_chr21_15644574_19773284	chr21	15644574	19773284
gs://vwb-aou-datasets-controlled/v9/wgs/short_read/snpindel/acaf_threshold/bgen/acaf_threshold.chr21.bgen	acaf_chr21_19773284_23600462	chr21	19773284	23600462
gs://vwb-aou-datasets-controlled/v9/wgs/short_read/snpindel/acaf_threshold/bgen/acaf_threshold.chr21.bgen	acaf_chr21_23600462_27952886	chr21	23600462	27952886
gs://vwb-aou-datasets-controlled/v9/wgs/short_read/snpindel/acaf_threshold/bgen/acaf_threshold.chr21.bgen	acaf_chr21_27952886_32160672	chr21	27952886	32160672
gs://vwb-aou-datasets-controlled/v9/wgs/short_read/snpindel/acaf_threshold/bgen/acaf_threshold.chr21.bgen	acaf_chr21_32160725_36612457	chr21	32160725	36612457
gs://vwb-aou-datasets-controlled/v9/wgs/short_read/snpindel/acaf_threshold/bgen/acaf_threshold.chr21.bgen	acaf_chr21_36612457_40597609	chr21	36612457	40597609
gs://vwb-aou-datasets-controlled/v9/wgs/short_read/snpindel/acaf_threshold/bgen/acaf_threshold.chr21.bgen	acaf_chr21_40597609_44223308	chr21	40597609	44223308
gs://vwb-aou-datasets-controlled/v9/wgs/short_read/snpindel/acaf_threshold/bgen/acaf_threshold.chr21.bgen	acaf_chr21_44223308_46699983	chr21	44223308	46699983
gs://vwb-aou-datasets-controlled/v9/wgs/short_read/snpindel/acaf_threshold/bgen/acaf_threshold.chr22.bgen	acaf_chr22_10510356_16352838	chr22	10510356	16352838
gs://vwb-aou-datasets-controlled/v9/wgs/short_read/snpindel/acaf_threshold/bgen/acaf_threshold.chr22.bgen	acaf_chr22_16352838_19879559	chr22	16352838	19879559
gs://vwb-aou-datasets-controlled/v9/wgs/short_read/snpindel/acaf_threshold/bgen/acaf_threshold.chr22.bgen	acaf_chr22_19879565_23647662	chr22	19879565	23647662
gs://vwb-aou-datasets-controlled/v9/wgs/short_read/snpindel/acaf_threshold/bgen/acaf_threshold.chr22.bgen	acaf_chr22_23647662_27458753	chr22	23647662	27458753
gs://vwb-aou-datasets-controlled/v9/wgs/short_read/snpindel/acaf_threshold/bgen/acaf_threshold.chr22.bgen	acaf_chr22_27458763_31940970	chr22	27458763	31940970
gs://vwb-aou-datasets-controlled/v9/wgs/short_read/snpindel/acaf_threshold/bgen/acaf_threshold.chr22.bgen	acaf_chr22_31941027_35725657	chr22	31941027	35725657
gs://vwb-aou-datasets-controlled/v9/wgs/short_read/snpindel/acaf_threshold/bgen/acaf_threshold.chr22.bgen	acaf_chr22_35725674_39823522	chr22	35725674	39823522
gs://vwb-aou-datasets-controlled/v9/wgs/short_read/snpindel/acaf_threshold/bgen/acaf_threshold.chr22.bgen	acaf_chr22_39823522_43576944	chr22	39823522	43576944
gs://vwb-aou-datasets-controlled/v9/wgs/short_read/snpindel/acaf_threshold/bgen/acaf_threshold.chr22.bgen	acaf_chr22_43576953_47070198	chr22	43576953	47070198
gs://vwb-aou-datasets-controlled/v9/wgs/short_read/snpindel/acaf_threshold/bgen/acaf_threshold.chr22.bgen	acaf_chr22_47070238_49985177	chr22	47070238	49985177
gs://vwb-aou-datasets-controlled/v9/wgs/short_read/snpindel/acaf_threshold/bgen/acaf_threshold.chr22.bgen	acaf_chr22_49985177_50808468	chr22	49985177	50808468
gs://vwb-aou-datasets-controlled/v9/wgs/short_read/snpindel/acaf_threshold/bgen/acaf_threshold.chr3.bgen	acaf_chr3_10050_3179121	chr3	10050	3179121
gs://vwb-aou-datasets-controlled/v9/wgs/short_read/snpindel/acaf_threshold/bgen/acaf_threshold.chr3.bgen	acaf_chr3_3179121_6835075	chr3	3179121	6835075
gs://vwb-aou-datasets-controlled/v9/wgs/short_read/snpindel/acaf_threshold/bgen/acaf_threshold.chr3.bgen	acaf_chr3_6835075_11074582	chr3	6835075	11074582
gs://vwb-aou-datasets-controlled/v9/wgs/short_read/snpindel/acaf_threshold/bgen/acaf_threshold.chr3.bgen	acaf_chr3_11074583_15643034	chr3	11074583	15643034
gs://vwb-aou-datasets-controlled/v9/wgs/short_read/snpindel/acaf_threshold/bgen/acaf_threshold.chr3.bgen	acaf_chr3_15643035_20320918	chr3	15643035	20320918
gs://vwb-aou-datasets-controlled/v9/wgs/short_read/snpindel/acaf_threshold/bgen/acaf_threshold.chr3.bgen	acaf_chr3_20320918_24379120	chr3	20320918	24379120
gs://vwb-aou-datasets-controlled/v9/wgs/short_read/snpindel/acaf_threshold/bgen/acaf_threshold.chr3.bgen	acaf_chr3_24379233_28930965	chr3	24379233	28930965
gs://vwb-aou-datasets-controlled/v9/wgs/short_read/snpindel/acaf_threshold/bgen/acaf_threshold.chr3.bgen	acaf_chr3_28930965_33343074	chr3	28930965	33343074
gs://vwb-aou-datasets-controlled/v9/wgs/short_read/snpindel/acaf_threshold/bgen/acaf_threshold.chr3.bgen	acaf_chr3_33343149_38208983	chr3	33343149	38208983
gs://vwb-aou-datasets-controlled/v9/wgs/short_read/snpindel/acaf_threshold/bgen/acaf_threshold.chr3.bgen	acaf_chr3_38208983_42949077	chr3	38208983	42949077
gs://vwb-aou-datasets-controlled/v9/wgs/short_read/snpindel/acaf_threshold/bgen/acaf_threshold.chr3.bgen	acaf_chr3_42949139_48259918	chr3	42949139	48259918
gs://vwb-aou-datasets-controlled/v9/wgs/short_read/snpindel/acaf_threshold/bgen/acaf_threshold.chr3.bgen	acaf_chr3_48259918_53526434	chr3	48259918	53526434
gs://vwb-aou-datasets-controlled/v9/wgs/short_read/snpindel/acaf_threshold/bgen/acaf_threshold.chr3.bgen	acaf_chr3_53526434_57874859	chr3	53526434	57874859
gs://vwb-aou-datasets-controlled/v9/wgs/short_read/snpindel/acaf_threshold/bgen/acaf_threshold.chr3.bgen	acaf_chr3_57874859_62022277	chr3	57874859	62022277
gs://vwb-aou-datasets-controlled/v9/wgs/short_read/snpindel/acaf_threshold/bgen/acaf_threshold.chr3.bgen	acaf_chr3_62022373_66268193	chr3	62022373	66268193
gs://vwb-aou-datasets-controlled/v9/wgs/short_read/snpindel/acaf_threshold/bgen/acaf_threshold.chr3.bgen	acaf_chr3_66268197_70916459	chr3	66268197	70916459
gs://vwb-aou-datasets-controlled/v9/wgs/short_read/snpindel/acaf_threshold/bgen/acaf_threshold.chr3.bgen	acaf_chr3_70916459_75402339	chr3	70916459	75402339
gs://vwb-aou-datasets-controlled/v9/wgs/short_read/snpindel/acaf_threshold/bgen/acaf_threshold.chr3.bgen	acaf_chr3_75402384_79821034	chr3	75402384	79821034
gs://vwb-aou-datasets-controlled/v9/wgs/short_read/snpindel/acaf_threshold/bgen/acaf_threshold.chr3.bgen	acaf_chr3_79821048_84665000	chr3	79821048	84665000
gs://vwb-aou-datasets-controlled/v9/wgs/short_read/snpindel/acaf_threshold/bgen/acaf_threshold.chr3.bgen	acaf_chr3_84665008_89088455	chr3	84665008	89088455
gs://vwb-aou-datasets-controlled/v9/wgs/short_read/snpindel/acaf_threshold/bgen/acaf_threshold.chr3.bgen	acaf_chr3_89088553_96192332	chr3	89088553	96192332
gs://vwb-aou-datasets-controlled/v9/wgs/short_read/snpindel/acaf_threshold/bgen/acaf_threshold.chr3.bgen	acaf_chr3_96192332_101112707	chr3	96192332	101112707
gs://vwb-aou-datasets-controlled/v9/wgs/short_read/snpindel/acaf_threshold/bgen/acaf_threshold.chr3.bgen	acaf_chr3_101112707_105976287	chr3	101112707	105976287
gs://vwb-aou-datasets-controlled/v9/wgs/short_read/snpindel/acaf_threshold/bgen/acaf_threshold.chr3.bgen	acaf_chr3_105976360_111148254	chr3	105976360	111148254
gs://vwb-aou-datasets-controlled/v9/wgs/short_read/snpindel/acaf_threshold/bgen/acaf_threshold.chr3.bgen	acaf_chr3_111148260_116489102	chr3	111148260	116489102
gs://vwb-aou-datasets-controlled/v9/wgs/short_read/snpindel/acaf_threshold/bgen/acaf_threshold.chr3.bgen	acaf_chr3_116489102_121508518	chr3	116489102	121508518
gs://vwb-aou-datasets-controlled/v9/wgs/short_read/snpindel/acaf_threshold/bgen/acaf_threshold.chr3.bgen	acaf_chr3_121508545_126283925	chr3	121508545	126283925
gs://vwb-aou-datasets-controlled/v9/wgs/short_read/snpindel/acaf_threshold/bgen/acaf_threshold.chr3.bgen	acaf_chr3_126283925_130911428	chr3	126283925	130911428
gs://vwb-aou-datasets-controlled/v9/wgs/short_read/snpindel/acaf_threshold/bgen/acaf_threshold.chr3.bgen	acaf_chr3_130911428_135665216	chr3	130911428	135665216
gs://vwb-aou-datasets-controlled/v9/wgs/short_read/snpindel/acaf_threshold/bgen/acaf_threshold.chr3.bgen	acaf_chr3_135665216_140610284	chr3	135665216	140610284
gs://vwb-aou-datasets-controlled/v9/wgs/short_read/snpindel/acaf_threshold/bgen/acaf_threshold.chr3.bgen	acaf_chr3_140610289_145272641	chr3	140610289	145272641
gs://vwb-aou-datasets-controlled/v9/wgs/short_read/snpindel/acaf_threshold/bgen/acaf_threshold.chr3.bgen	acaf_chr3_145272641_150069679	chr3	145272641	150069679
gs://vwb-aou-datasets-controlled/v9/wgs/short_read/snpindel/acaf_threshold/bgen/acaf_threshold.chr3.bgen	acaf_chr3_150069727_154935841	chr3	150069727	154935841
gs://vwb-aou-datasets-controlled/v9/wgs/short_read/snpindel/acaf_threshold/bgen/acaf_threshold.chr3.bgen	acaf_chr3_154935841_160072024	chr3	154935841	160072024
gs://vwb-aou-datasets-controlled/v9/wgs/short_read/snpindel/acaf_threshold/bgen/acaf_threshold.chr3.bgen	acaf_chr3_160072025_164850112	chr3	160072025	164850112
gs://vwb-aou-datasets-controlled/v9/wgs/short_read/snpindel/acaf_threshold/bgen/acaf_threshold.chr3.bgen	acaf_chr3_164850142_169720412	chr3	164850142	169720412
gs://vwb-aou-datasets-controlled/v9/wgs/short_read/snpindel/acaf_threshold/bgen/acaf_threshold.chr3.bgen	acaf_chr3_169720421_174763584	chr3	169720421	174763584
gs://vwb-aou-datasets-controlled/v9/wgs/short_read/snpindel/acaf_threshold/bgen/acaf_threshold.chr3.bgen	acaf_chr3_174763584_178766381	chr3	174763584	178766381
gs://vwb-aou-datasets-controlled/v9/wgs/short_read/snpindel/acaf_threshold/bgen/acaf_threshold.chr3.bgen	acaf_chr3_178766386_183842807	chr3	178766386	183842807
gs://vwb-aou-datasets-controlled/v9/wgs/short_read/snpindel/acaf_threshold/bgen/acaf_threshold.chr3.bgen	acaf_chr3_183842807_187778502	chr3	183842807	187778502
gs://vwb-aou-datasets-controlled/v9/wgs/short_read/snpindel/acaf_threshold/bgen/acaf_threshold.chr3.bgen	acaf_chr3_187778502_192107811	chr3	187778502	192107811
gs://vwb-aou-datasets-controlled/v9/wgs/short_read/snpindel/acaf_threshold/bgen/acaf_threshold.chr3.bgen	acaf_chr3_192107824_195779899	chr3	192107824	195779899
gs://vwb-aou-datasets-controlled/v9/wgs/short_read/snpindel/acaf_threshold/bgen/acaf_threshold.chr3.bgen	acaf_chr3_195779899_198232558	chr3	195779899	198232558
gs://vwb-aou-datasets-controlled/v9/wgs/short_read/snpindel/acaf_threshold/bgen/acaf_threshold.chr4.bgen	acaf_chr4_10005_3341089	chr4	10005	3341089
gs://vwb-aou-datasets-controlled/v9/wgs/short_read/snpindel/acaf_threshold/bgen/acaf_threshold.chr4.bgen	acaf_chr4_3341166_6453789	chr4	3341166	6453789
gs://vwb-aou-datasets-controlled/v9/wgs/short_read/snpindel/acaf_threshold/bgen/acaf_threshold.chr4.bgen	acaf_chr4_6453789_9404018	chr4	6453789	9404018
gs://vwb-aou-datasets-controlled/v9/wgs/short_read/snpindel/acaf_threshold/bgen/acaf_threshold.chr4.bgen	acaf_chr4_9404018_12666297	chr4	9404018	12666297
gs://vwb-aou-datasets-controlled/v9/wgs/short_read/snpindel/acaf_threshold/bgen/acaf_threshold.chr4.bgen	acaf_chr4_12666297_16773691	chr4	12666297	16773691
gs://vwb-aou-datasets-controlled/v9/wgs/short_read/snpindel/acaf_threshold/bgen/acaf_threshold.chr4.bgen	acaf_chr4_16773691_21109912	chr4	16773691	21109912
gs://vwb-aou-datasets-controlled/v9/wgs/short_read/snpindel/acaf_threshold/bgen/acaf_threshold.chr4.bgen	acaf_chr4_21109927_25557027	chr4	21109927	25557027
gs://vwb-aou-datasets-controlled/v9/wgs/short_read/snpindel/acaf_threshold/bgen/acaf_threshold.chr4.bgen	acaf_chr4_25557149_29930006	chr4	25557149	29930006
gs://vwb-aou-datasets-controlled/v9/wgs/short_read/snpindel/acaf_threshold/bgen/acaf_threshold.chr4.bgen	acaf_chr4_29930017_34218207	chr4	29930017	34218207
gs://vwb-aou-datasets-controlled/v9/wgs/short_read/snpindel/acaf_threshold/bgen/acaf_threshold.chr4.bgen	acaf_chr4_34218211_38677878	chr4	34218211	38677878
gs://vwb-aou-datasets-controlled/v9/wgs/short_read/snpindel/acaf_threshold/bgen/acaf_threshold.chr4.bgen	acaf_chr4_38677878_42770517	chr4	38677878	42770517
gs://vwb-aou-datasets-controlled/v9/wgs/short_read/snpindel/acaf_threshold/bgen/acaf_threshold.chr4.bgen	acaf_chr4_42770576_47366279	chr4	42770576	47366279
gs://vwb-aou-datasets-controlled/v9/wgs/short_read/snpindel/acaf_threshold/bgen/acaf_threshold.chr4.bgen	acaf_chr4_47366288_49642557	chr4	47366288	49642557
gs://vwb-aou-datasets-controlled/v9/wgs/short_read/snpindel/acaf_threshold/bgen/acaf_threshold.chr4.bgen	acaf_chr4_49642557_55825223	chr4	49642557	55825223
gs://vwb-aou-datasets-controlled/v9/wgs/short_read/snpindel/acaf_threshold/bgen/acaf_threshold.chr4.bgen	acaf_chr4_55825240_59684043	chr4	55825240	59684043
gs://vwb-aou-datasets-controlled/v9/wgs/short_read/snpindel/acaf_threshold/bgen/acaf_threshold.chr4.bgen	acaf_chr4_59684043_63625989	chr4	59684043	63625989
gs://vwb-aou-datasets-controlled/v9/wgs/short_read/snpindel/acaf_threshold/bgen/acaf_threshold.chr4.bgen	acaf_chr4_63625989_68011613	chr4	63625989	68011613
gs://vwb-aou-datasets-controlled/v9/wgs/short_read/snpindel/acaf_threshold/bgen/acaf_threshold.chr4.bgen	acaf_chr4_68011613_72285146	chr4	68011613	72285146
gs://vwb-aou-datasets-controlled/v9/wgs/short_read/snpindel/acaf_threshold/bgen/acaf_threshold.chr4.bgen	acaf_chr4_72285158_76829966	chr4	72285158	76829966
gs://vwb-aou-datasets-controlled/v9/wgs/short_read/snpindel/acaf_threshold/bgen/acaf_threshold.chr4.bgen	acaf_chr4_76829966_81874715	chr4	76829966	81874715
gs://vwb-aou-datasets-controlled/v9/wgs/short_read/snpindel/acaf_threshold/bgen/acaf_threshold.chr4.bgen	acaf_chr4_81874727_86888699	chr4	81874727	86888699
gs://vwb-aou-datasets-controlled/v9/wgs/short_read/snpindel/acaf_threshold/bgen/acaf_threshold.chr4.bgen	acaf_chr4_86888753_91483285	chr4	86888753	91483285
gs://vwb-aou-datasets-controlled/v9/wgs/short_read/snpindel/acaf_threshold/bgen/acaf_threshold.chr4.bgen	acaf_chr4_91483368_96029928	chr4	91483368	96029928
gs://vwb-aou-datasets-controlled/v9/wgs/short_read/snpindel/acaf_threshold/bgen/acaf_threshold.chr4.bgen	acaf_chr4_96029928_101411089	chr4	96029928	101411089
gs://vwb-aou-datasets-controlled/v9/wgs/short_read/snpindel/acaf_threshold/bgen/acaf_threshold.chr4.bgen	acaf_chr4_101411127_106461710	chr4	101411127	106461710
gs://vwb-aou-datasets-controlled/v9/wgs/short_read/snpindel/acaf_threshold/bgen/acaf_threshold.chr4.bgen	acaf_chr4_106461710_111318170	chr4	106461710	111318170
gs://vwb-aou-datasets-controlled/v9/wgs/short_read/snpindel/acaf_threshold/bgen/acaf_threshold.chr4.bgen	acaf_chr4_111318170_116269312	chr4	111318170	116269312
gs://vwb-aou-datasets-controlled/v9/wgs/short_read/snpindel/acaf_threshold/bgen/acaf_threshold.chr4.bgen	acaf_chr4_116269452_121241293	chr4	116269452	121241293
gs://vwb-aou-datasets-controlled/v9/wgs/short_read/snpindel/acaf_threshold/bgen/acaf_threshold.chr4.bgen	acaf_chr4_121241293_126184205	chr4	121241293	126184205
gs://vwb-aou-datasets-controlled/v9/wgs/short_read/snpindel/acaf_threshold/bgen/acaf_threshold.chr4.bgen	acaf_chr4_126184241_131099845	chr4	126184241	131099845
gs://vwb-aou-datasets-controlled/v9/wgs/short_read/snpindel/acaf_threshold/bgen/acaf_threshold.chr4.bgen	acaf_chr4_131099845_135780743	chr4	131099845	135780743
gs://vwb-aou-datasets-controlled/v9/wgs/short_read/snpindel/acaf_threshold/bgen/acaf_threshold.chr4.bgen	acaf_chr4_135780743_140513783	chr4	135780743	140513783
gs://vwb-aou-datasets-controlled/v9/wgs/short_read/snpindel/acaf_threshold/bgen/acaf_threshold.chr4.bgen	acaf_chr4_140513790_145591291	chr4	140513790	145591291
gs://vwb-aou-datasets-controlled/v9/wgs/short_read/snpindel/acaf_threshold/bgen/acaf_threshold.chr4.bgen	acaf_chr4_145591291_150488953	chr4	145591291	150488953
gs://vwb-aou-datasets-controlled/v9/wgs/short_read/snpindel/acaf_threshold/bgen/acaf_threshold.chr4.bgen	acaf_chr4_150488971_155130143	chr4	150488971	155130143
gs://vwb-aou-datasets-controlled/v9/wgs/short_read/snpindel/acaf_threshold/bgen/acaf_threshold.chr4.bgen	acaf_chr4_155130147_159938302	chr4	155130147	159938302
gs://vwb-aou-datasets-controlled/v9/wgs/short_read/snpindel/acaf_threshold/bgen/acaf_threshold.chr4.bgen	acaf_chr4_159938348_164262107	chr4	159938348	164262107
gs://vwb-aou-datasets-controlled/v9/wgs/short_read/snpindel/acaf_threshold/bgen/acaf_threshold.chr4.bgen	acaf_chr4_164262139_168484058	chr4	164262139	168484058
gs://vwb-aou-datasets-controlled/v9/wgs/short_read/snpindel/acaf_threshold/bgen/acaf_threshold.chr4.bgen	acaf_chr4_168484058_173361437	chr4	168484058	173361437
gs://vwb-aou-datasets-controlled/v9/wgs/short_read/snpindel/acaf_threshold/bgen/acaf_threshold.chr4.bgen	acaf_chr4_173361717_177816080	chr4	173361717	177816080
gs://vwb-aou-datasets-controlled/v9/wgs/short_read/snpindel/acaf_threshold/bgen/acaf_threshold.chr4.bgen	acaf_chr4_177816096_181641794	chr4	177816096	181641794
gs://vwb-aou-datasets-controlled/v9/wgs/short_read/snpindel/acaf_threshold/bgen/acaf_threshold.chr4.bgen	acaf_chr4_181641794_185352135	chr4	181641794	185352135
gs://vwb-aou-datasets-controlled/v9/wgs/short_read/snpindel/acaf_threshold/bgen/acaf_threshold.chr4.bgen	acaf_chr4_185352135_188806704	chr4	185352135	188806704
gs://vwb-aou-datasets-controlled/v9/wgs/short_read/snpindel/acaf_threshold/bgen/acaf_threshold.chr4.bgen	acaf_chr4_188806704_190204555	chr4	188806704	190204555
gs://vwb-aou-datasets-controlled/v9/wgs/short_read/snpindel/acaf_threshold/bgen/acaf_threshold.chr5.bgen	acaf_chr5_10012_2316429	chr5	10012	2316429
gs://vwb-aou-datasets-controlled/v9/wgs/short_read/snpindel/acaf_threshold/bgen/acaf_threshold.chr5.bgen	acaf_chr5_2316429_6092526	chr5	2316429	6092526
gs://vwb-aou-datasets-controlled/v9/wgs/short_read/snpindel/acaf_threshold/bgen/acaf_threshold.chr5.bgen	acaf_chr5_6092537_10494184	chr5	6092537	10494184
gs://vwb-aou-datasets-controlled/v9/wgs/short_read/snpindel/acaf_threshold/bgen/acaf_threshold.chr5.bgen	acaf_chr5_10494194_14744852	chr5	10494194	14744852
gs://vwb-aou-datasets-controlled/v9/wgs/short_read/snpindel/acaf_threshold/bgen/acaf_threshold.chr5.bgen	acaf_chr5_14744870_19079505	chr5	14744870	19079505
gs://vwb-aou-datasets-controlled/v9/wgs/short_read/snpindel/acaf_threshold/bgen/acaf_threshold.chr5.bgen	acaf_chr5_19079540_23572040	chr5	19079540	23572040
gs://vwb-aou-datasets-controlled/v9/wgs/short_read/snpindel/acaf_threshold/bgen/acaf_threshold.chr5.bgen	acaf_chr5_23572043_27748923	chr5	23572043	27748923
gs://vwb-aou-datasets-controlled/v9/wgs/short_read/snpindel/acaf_threshold/bgen/acaf_threshold.chr5.bgen	acaf_chr5_27748923_31989426	chr5	27748923	31989426
gs://vwb-aou-datasets-controlled/v9/wgs/short_read/snpindel/acaf_threshold/bgen/acaf_threshold.chr5.bgen	acaf_chr5_31989426_36830834	chr5	31989426	36830834
gs://vwb-aou-datasets-controlled/v9/wgs/short_read/snpindel/acaf_threshold/bgen/acaf_threshold.chr5.bgen	acaf_chr5_36830834_41531458	chr5	36830834	41531458
gs://vwb-aou-datasets-controlled/v9/wgs/short_read/snpindel/acaf_threshold/bgen/acaf_threshold.chr5.bgen	acaf_chr5_41531475_45984194	chr5	41531475	45984194
gs://vwb-aou-datasets-controlled/v9/wgs/short_read/snpindel/acaf_threshold/bgen/acaf_threshold.chr5.bgen	acaf_chr5_45984240_53711762	chr5	45984240	53711762
gs://vwb-aou-datasets-controlled/v9/wgs/short_read/snpindel/acaf_threshold/bgen/acaf_threshold.chr5.bgen	acaf_chr5_53711877_58421271	chr5	53711877	58421271
gs://vwb-aou-datasets-controlled/v9/wgs/short_read/snpindel/acaf_threshold/bgen/acaf_threshold.chr5.bgen	acaf_chr5_58421277_63324879	chr5	58421277	63324879
gs://vwb-aou-datasets-controlled/v9/wgs/short_read/snpindel/acaf_threshold/bgen/acaf_threshold.chr5.bgen	acaf_chr5_63324879_68145747	chr5	63324879	68145747
gs://vwb-aou-datasets-controlled/v9/wgs/short_read/snpindel/acaf_threshold/bgen/acaf_threshold.chr5.bgen	acaf_chr5_68145747_73645309	chr5	68145747	73645309
gs://vwb-aou-datasets-controlled/v9/wgs/short_read/snpindel/acaf_threshold/bgen/acaf_threshold.chr5.bgen	acaf_chr5_73645309_78325705	chr5	73645309	78325705
gs://vwb-aou-datasets-controlled/v9/wgs/short_read/snpindel/acaf_threshold/bgen/acaf_threshold.chr5.bgen	acaf_chr5_78325705_82774810	chr5	78325705	82774810
gs://vwb-aou-datasets-controlled/v9/wgs/short_read/snpindel/acaf_threshold/bgen/acaf_threshold.chr5.bgen	acaf_chr5_82774849_87338531	chr5	82774849	87338531
gs://vwb-aou-datasets-controlled/v9/wgs/short_read/snpindel/acaf_threshold/bgen/acaf_threshold.chr5.bgen	acaf_chr5_87338531_93030951	chr5	87338531	93030951
gs://vwb-aou-datasets-controlled/v9/wgs/short_read/snpindel/acaf_threshold/bgen/acaf_threshold.chr5.bgen	acaf_chr5_93030951_98364781	chr5	93030951	98364781
gs://vwb-aou-datasets-controlled/v9/wgs/short_read/snpindel/acaf_threshold/bgen/acaf_threshold.chr5.bgen	acaf_chr5_98364781_103278758	chr5	98364781	103278758
gs://vwb-aou-datasets-controlled/v9/wgs/short_read/snpindel/acaf_threshold/bgen/acaf_threshold.chr5.bgen	acaf_chr5_103278771_107606538	chr5	103278771	107606538
gs://vwb-aou-datasets-controlled/v9/wgs/short_read/snpindel/acaf_threshold/bgen/acaf_threshold.chr5.bgen	acaf_chr5_107606538_112042082	chr5	107606538	112042082
gs://vwb-aou-datasets-controlled/v9/wgs/short_read/snpindel/acaf_threshold/bgen/acaf_threshold.chr5.bgen	acaf_chr5_112042082_116257082	chr5	112042082	116257082
gs://vwb-aou-datasets-controlled/v9/wgs/short_read/snpindel/acaf_threshold/bgen/acaf_threshold.chr5.bgen	acaf_chr5_116257086_120048442	chr5	116257086	120048442
gs://vwb-aou-datasets-controlled/v9/wgs/short_read/snpindel/acaf_threshold/bgen/acaf_threshold.chr5.bgen	acaf_chr5_120048447_124594726	chr5	120048447	124594726
gs://vwb-aou-datasets-controlled/v9/wgs/short_read/snpindel/acaf_threshold/bgen/acaf_threshold.chr5.bgen	acaf_chr5_124594743_129077367	chr5	124594743	129077367
gs://vwb-aou-datasets-controlled/v9/wgs/short_read/snpindel/acaf_threshold/bgen/acaf_threshold.chr5.bgen	acaf_chr5_129077367_133969111	chr5	129077367	133969111
gs://vwb-aou-datasets-controlled/v9/wgs/short_read/snpindel/acaf_threshold/bgen/acaf_threshold.chr5.bgen	acaf_chr5_133969111_139190629	chr5	133969111	139190629
gs://vwb-aou-datasets-controlled/v9/wgs/short_read/snpindel/acaf_threshold/bgen/acaf_threshold.chr5.bgen	acaf_chr5_139190631_144115833	chr5	139190631	144115833
gs://vwb-aou-datasets-controlled/v9/wgs/short_read/snpindel/acaf_threshold/bgen/acaf_threshold.chr5.bgen	acaf_chr5_144115833_148873497	chr5	144115833	148873497
gs://vwb-aou-datasets-controlled/v9/wgs/short_read/snpindel/acaf_threshold/bgen/acaf_threshold.chr5.bgen	acaf_chr5_148873497_153389058	chr5	148873497	153389058
gs://vwb-aou-datasets-controlled/v9/wgs/short_read/snpindel/acaf_threshold/bgen/acaf_threshold.chr5.bgen	acaf_chr5_153389134_158034517	chr5	153389134	158034517
gs://vwb-aou-datasets-controlled/v9/wgs/short_read/snpindel/acaf_threshold/bgen/acaf_threshold.chr5.bgen	acaf_chr5_158034517_162781493	chr5	158034517	162781493
gs://vwb-aou-datasets-controlled/v9/wgs/short_read/snpindel/acaf_threshold/bgen/acaf_threshold.chr5.bgen	acaf_chr5_162781493_167345843	chr5	162781493	167345843
gs://vwb-aou-datasets-controlled/v9/wgs/short_read/snpindel/acaf_threshold/bgen/acaf_threshold.chr5.bgen	acaf_chr5_167345843_171771757	chr5	167345843	171771757
gs://vwb-aou-datasets-controlled/v9/wgs/short_read/snpindel/acaf_threshold/bgen/acaf_threshold.chr5.bgen	acaf_chr5_171771757_175578817	chr5	171771757	175578817
gs://vwb-aou-datasets-controlled/v9/wgs/short_read/snpindel/acaf_threshold/bgen/acaf_threshold.chr5.bgen	acaf_chr5_175578817_179369136	chr5	175578817	179369136
gs://vwb-aou-datasets-controlled/v9/wgs/short_read/snpindel/acaf_threshold/bgen/acaf_threshold.chr5.bgen	acaf_chr5_179369141_181478259	chr5	179369141	181478259
gs://vwb-aou-datasets-controlled/v9/wgs/short_read/snpindel/acaf_threshold/bgen/acaf_threshold.chr6.bgen	acaf_chr6_61839_3761820	chr6	61839	3761820
gs://vwb-aou-datasets-controlled/v9/wgs/short_read/snpindel/acaf_threshold/bgen/acaf_threshold.chr6.bgen	acaf_chr6_3761820_7808408	chr6	3761820	7808408
gs://vwb-aou-datasets-controlled/v9/wgs/short_read/snpindel/acaf_threshold/bgen/acaf_threshold.chr6.bgen	acaf_chr6_7808413_12026819	chr6	7808413	12026819
gs://vwb-aou-datasets-controlled/v9/wgs/short_read/snpindel/acaf_threshold/bgen/acaf_threshold.chr6.bgen	acaf_chr6_12027023_16356161	chr6	12027023	16356161
gs://vwb-aou-datasets-controlled/v9/wgs/short_read/snpindel/acaf_threshold/bgen/acaf_threshold.chr6.bgen	acaf_chr6_16356550_20514940	chr6	16356550	20514940
gs://vwb-aou-datasets-controlled/v9/wgs/short_read/snpindel/acaf_threshold/bgen/acaf_threshold.chr6.bgen	acaf_chr6_20515081_24389365	chr6	20515081	24389365
gs://vwb-aou-datasets-controlled/v9/wgs/short_read/snpindel/acaf_threshold/bgen/acaf_threshold.chr6.bgen	acaf_chr6_24389365_28798858	chr6	24389365	28798858
gs://vwb-aou-datasets-controlled/v9/wgs/short_read/snpindel/acaf_threshold/bgen/acaf_threshold.chr6.bgen	acaf_chr6_28798858_32382294	chr6	28798858	32382294
gs://vwb-aou-datasets-controlled/v9/wgs/short_read/snpindel/acaf_threshold/bgen/acaf_threshold.chr6.bgen	acaf_chr6_32382294_35803463	chr6	32382294	35803463
gs://vwb-aou-datasets-controlled/v9/wgs/short_read/snpindel/acaf_threshold/bgen/acaf_threshold.chr6.bgen	acaf_chr6_35803463_40209750	chr6	35803463	40209750
gs://vwb-aou-datasets-controlled/v9/wgs/short_read/snpindel/acaf_threshold/bgen/acaf_threshold.chr6.bgen	acaf_chr6_40209750_44574148	chr6	40209750	44574148
gs://vwb-aou-datasets-controlled/v9/wgs/short_read/snpindel/acaf_threshold/bgen/acaf_threshold.chr6.bgen	acaf_chr6_44574199_49220303	chr6	44574199	49220303
gs://vwb-aou-datasets-controlled/v9/wgs/short_read/snpindel/acaf_threshold/bgen/acaf_threshold.chr6.bgen	acaf_chr6_49220322_53831555	chr6	49220322	53831555
gs://vwb-aou-datasets-controlled/v9/wgs/short_read/snpindel/acaf_threshold/bgen/acaf_threshold.chr6.bgen	acaf_chr6_53831583_58418096	chr6	53831583	58418096
gs://vwb-aou-datasets-controlled/v9/wgs/short_read/snpindel/acaf_threshold/bgen/acaf_threshold.chr6.bgen	acaf_chr6_58418097_64180260	chr6	58418097	64180260
gs://vwb-aou-datasets-controlled/v9/wgs/short_read/snpindel/acaf_threshold/bgen/acaf_threshold.chr6.bgen	acaf_chr6_64180329_68171338	chr6	64180329	68171338
gs://vwb-aou-datasets-controlled/v9/wgs/short_read/snpindel/acaf_threshold/bgen/acaf_threshold.chr6.bgen	acaf_chr6_68171338_72832272	chr6	68171338	72832272
gs://vwb-aou-datasets-controlled/v9/wgs/short_read/snpindel/acaf_threshold/bgen/acaf_threshold.chr6.bgen	acaf_chr6_72832360_77346946	chr6	72832360	77346946
gs://vwb-aou-datasets-controlled/v9/wgs/short_read/snpindel/acaf_threshold/bgen/acaf_threshold.chr6.bgen	acaf_chr6_77346946_81891774	chr6	77346946	81891774
gs://vwb-aou-datasets-controlled/v9/wgs/short_read/snpindel/acaf_threshold/bgen/acaf_threshold.chr6.bgen	acaf_chr6_81891774_86788556	chr6	81891774	86788556
gs://vwb-aou-datasets-controlled/v9/wgs/short_read/snpindel/acaf_threshold/bgen/acaf_threshold.chr6.bgen	acaf_chr6_86788623_91663104	chr6	86788623	91663104
gs://vwb-aou-datasets-controlled/v9/wgs/short_read/snpindel/acaf_threshold/bgen/acaf_threshold.chr6.bgen	acaf_chr6_91663204_96432741	chr6	91663204	96432741
gs://vwb-aou-datasets-controlled/v9/wgs/short_read/snpindel/acaf_threshold/bgen/acaf_threshold.chr6.bgen	acaf_chr6_96432822_101665108	chr6	96432822	101665108
gs://vwb-aou-datasets-controlled/v9/wgs/short_read/snpindel/acaf_threshold/bgen/acaf_threshold.chr6.bgen	acaf_chr6_101665108_106326576	chr6	101665108	106326576
gs://vwb-aou-datasets-controlled/v9/wgs/short_read/snpindel/acaf_threshold/bgen/acaf_threshold.chr6.bgen	acaf_chr6_106326576_111012178	chr6	106326576	111012178
gs://vwb-aou-datasets-controlled/v9/wgs/short_read/snpindel/acaf_threshold/bgen/acaf_threshold.chr6.bgen	acaf_chr6_111012178_115901540	chr6	111012178	115901540
gs://vwb-aou-datasets-controlled/v9/wgs/short_read/snpindel/acaf_threshold/bgen/acaf_threshold.chr6.bgen	acaf_chr6_115901540_121061762	chr6	115901540	121061762
gs://vwb-aou-datasets-controlled/v9/wgs/short_read/snpindel/acaf_threshold/bgen/acaf_threshold.chr6.bgen	acaf_chr6_121061762_126068078	chr6	121061762	126068078
gs://vwb-aou-datasets-controlled/v9/wgs/short_read/snpindel/acaf_threshold/bgen/acaf_threshold.chr6.bgen	acaf_chr6_126068083_131306014	chr6	126068083	131306014
gs://vwb-aou-datasets-controlled/v9/wgs/short_read/snpindel/acaf_threshold/bgen/acaf_threshold.chr6.bgen	acaf_chr6_131306016_135916179	chr6	131306016	135916179
gs://vwb-aou-datasets-controlled/v9/wgs/short_read/snpindel/acaf_threshold/bgen/acaf_threshold.chr6.bgen	acaf_chr6_135916196_140898965	chr6	135916196	140898965
gs://vwb-aou-datasets-controlled/v9/wgs/short_read/snpindel/acaf_threshold/bgen/acaf_threshold.chr6.bgen	acaf_chr6_140898965_146092968	chr6	140898965	146092968
gs://vwb-aou-datasets-controlled/v9/wgs/short_read/snpindel/acaf_threshold/bgen/acaf_threshold.chr6.bgen	acaf_chr6_146092984_150697015	chr6	146092984	150697015
gs://vwb-aou-datasets-controlled/v9/wgs/short_read/snpindel/acaf_threshold/bgen/acaf_threshold.chr6.bgen	acaf_chr6_150697037_154942303	chr6	150697037	154942303
gs://vwb-aou-datasets-controlled/v9/wgs/short_read/snpindel/acaf_threshold/bgen/acaf_threshold.chr6.bgen	acaf_chr6_154942303_158803556	chr6	154942303	158803556
gs://vwb-aou-datasets-controlled/v9/wgs/short_read/snpindel/acaf_threshold/bgen/acaf_threshold.chr6.bgen	acaf_chr6_158803556_162701190	chr6	158803556	162701190
gs://vwb-aou-datasets-controlled/v9/wgs/short_read/snpindel/acaf_threshold/bgen/acaf_threshold.chr6.bgen	acaf_chr6_162701197_166859454	chr6	162701197	166859454
gs://vwb-aou-datasets-controlled/v9/wgs/short_read/snpindel/acaf_threshold/bgen/acaf_threshold.chr6.bgen	acaf_chr6_166859476_169988554	chr6	166859476	169988554
gs://vwb-aou-datasets-controlled/v9/wgs/short_read/snpindel/acaf_threshold/bgen/acaf_threshold.chr6.bgen	acaf_chr6_169988554_170743767	chr6	169988554	170743767
gs://vwb-aou-datasets-controlled/v9/wgs/short_read/snpindel/acaf_threshold/bgen/acaf_threshold.chr7.bgen	acaf_chr7_10007_1912965	chr7	10007	1912965
gs://vwb-aou-datasets-controlled/v9/wgs/short_read/snpindel/acaf_threshold/bgen/acaf_threshold.chr7.bgen	acaf_chr7_1912989_4731815	chr7	1912989	4731815
gs://vwb-aou-datasets-controlled/v9/wgs/short_read/snpindel/acaf_threshold/bgen/acaf_threshold.chr7.bgen	acaf_chr7_4731887_7654902	chr7	4731887	7654902
gs://vwb-aou-datasets-controlled/v9/wgs/short_read/snpindel/acaf_threshold/bgen/acaf_threshold.chr7.bgen	acaf_chr7_7654902_11452886	chr7	7654902	11452886
gs://vwb-aou-datasets-controlled/v9/wgs/short_read/snpindel/acaf_threshold/bgen/acaf_threshold.chr7.bgen	acaf_chr7_11452886_15247460	chr7	11452886	15247460
gs://vwb-aou-datasets-controlled/v9/wgs/short_read/snpindel/acaf_threshold/bgen/acaf_threshold.chr7.bgen	acaf_chr7_15247460_19198292	chr7	15247460	19198292
gs://vwb-aou-datasets-controlled/v9/wgs/short_read/snpindel/acaf_threshold/bgen/acaf_threshold.chr7.bgen	acaf_chr7_19198292_23231925	chr7	19198292	23231925
gs://vwb-aou-datasets-controlled/v9/wgs/short_read/snpindel/acaf_threshold/bgen/acaf_threshold.chr7.bgen	acaf_chr7_23231925_27984711	chr7	23231925	27984711
gs://vwb-aou-datasets-controlled/v9/wgs/short_read/snpindel/acaf_threshold/bgen/acaf_threshold.chr7.bgen	acaf_chr7_27984849_32503365	chr7	27984849	32503365
gs://vwb-aou-datasets-controlled/v9/wgs/short_read/snpindel/acaf_threshold/bgen/acaf_threshold.chr7.bgen	acaf_chr7_32503365_37165010	chr7	32503365	37165010
gs://vwb-aou-datasets-controlled/v9/wgs/short_read/snpindel/acaf_threshold/bgen/acaf_threshold.chr7.bgen	acaf_chr7_37165010_41792965	chr7	37165010	41792965
gs://vwb-aou-datasets-controlled/v9/wgs/short_read/snpindel/acaf_threshold/bgen/acaf_threshold.chr7.bgen	acaf_chr7_41792983_46450393	chr7	41792983	46450393
gs://vwb-aou-datasets-controlled/v9/wgs/short_read/snpindel/acaf_threshold/bgen/acaf_threshold.chr7.bgen	acaf_chr7_46450393_51201239	chr7	46450393	51201239
gs://vwb-aou-datasets-controlled/v9/wgs/short_read/snpindel/acaf_threshold/bgen/acaf_threshold.chr7.bgen	acaf_chr7_51201239_55658696	chr7	51201239	55658696
gs://vwb-aou-datasets-controlled/v9/wgs/short_read/snpindel/acaf_threshold/bgen/acaf_threshold.chr7.bgen	acaf_chr7_55658696_62425784	chr7	55658696	62425784
gs://vwb-aou-datasets-controlled/v9/wgs/short_read/snpindel/acaf_threshold/bgen/acaf_threshold.chr7.bgen	acaf_chr7_62425819_66250053	chr7	62425819	66250053
gs://vwb-aou-datasets-controlled/v9/wgs/short_read/snpindel/acaf_threshold/bgen/acaf_threshold.chr7.bgen	acaf_chr7_66250053_69821439	chr7	66250053	69821439
gs://vwb-aou-datasets-controlled/v9/wgs/short_read/snpindel/acaf_threshold/bgen/acaf_threshold.chr7.bgen	acaf_chr7_69821439_73811242	chr7	69821439	73811242
gs://vwb-aou-datasets-controlled/v9/wgs/short_read/snpindel/acaf_threshold/bgen/acaf_threshold.chr7.bgen	acaf_chr7_73811242_77705510	chr7	73811242	77705510
gs://vwb-aou-datasets-controlled/v9/wgs/short_read/snpindel/acaf_threshold/bgen/acaf_threshold.chr7.bgen	acaf_chr7_77705510_82261245	chr7	77705510	82261245
gs://vwb-aou-datasets-controlled/v9/wgs/short_read/snpindel/acaf_threshold/bgen/acaf_threshold.chr7.bgen	acaf_chr7_82261250_86985100	chr7	82261250	86985100
gs://vwb-aou-datasets-controlled/v9/wgs/short_read/snpindel/acaf_threshold/bgen/acaf_threshold.chr7.bgen	acaf_chr7_86985100_91777145	chr7	86985100	91777145
gs://vwb-aou-datasets-controlled/v9/wgs/short_read/snpindel/acaf_threshold/bgen/acaf_threshold.chr7.bgen	acaf_chr7_91777271_97256024	chr7	91777271	97256024
gs://vwb-aou-datasets-controlled/v9/wgs/short_read/snpindel/acaf_threshold/bgen/acaf_threshold.chr7.bgen	acaf_chr7_97256032_101232860	chr7	97256032	101232860
gs://vwb-aou-datasets-controlled/v9/wgs/short_read/snpindel/acaf_threshold/bgen/acaf_threshold.chr7.bgen	acaf_chr7_101232931_105363103	chr7	101232931	105363103
gs://vwb-aou-datasets-controlled/v9/wgs/short_read/snpindel/acaf_threshold/bgen/acaf_threshold.chr7.bgen	acaf_chr7_105363103_109814169	chr7	105363103	109814169
gs://vwb-aou-datasets-controlled/v9/wgs/short_read/snpindel/acaf_threshold/bgen/acaf_threshold.chr7.bgen	acaf_chr7_109814169_114699968	chr7	109814169	114699968
gs://vwb-aou-datasets-controlled/v9/wgs/short_read/snpindel/acaf_threshold/bgen/acaf_threshold.chr7.bgen	acaf_chr7_114699968_119916962	chr7	114699968	119916962
gs://vwb-aou-datasets-controlled/v9/wgs/short_read/snpindel/acaf_threshold/bgen/acaf_threshold.chr7.bgen	acaf_chr7_119917126_124993875	chr7	119917126	124993875
gs://vwb-aou-datasets-controlled/v9/wgs/short_read/snpindel/acaf_threshold/bgen/acaf_threshold.chr7.bgen	acaf_chr7_124993907_129973367	chr7	124993907	129973367
gs://vwb-aou-datasets-controlled/v9/wgs/short_read/snpindel/acaf_threshold/bgen/acaf_threshold.chr7.bgen	acaf_chr7_129973367_134437735	chr7	129973367	134437735
gs://vwb-aou-datasets-controlled/v9/wgs/short_read/snpindel/acaf_threshold/bgen/acaf_threshold.chr7.bgen	acaf_chr7_134437735_138830817	chr7	134437735	138830817
gs://vwb-aou-datasets-controlled/v9/wgs/short_read/snpindel/acaf_threshold/bgen/acaf_threshold.chr7.bgen	acaf_chr7_138830841_143242823	chr7	138830841	143242823
gs://vwb-aou-datasets-controlled/v9/wgs/short_read/snpindel/acaf_threshold/bgen/acaf_threshold.chr7.bgen	acaf_chr7_143242823_147772485	chr7	143242823	147772485
gs://vwb-aou-datasets-controlled/v9/wgs/short_read/snpindel/acaf_threshold/bgen/acaf_threshold.chr7.bgen	acaf_chr7_147772485_151762778	chr7	147772485	151762778
gs://vwb-aou-datasets-controlled/v9/wgs/short_read/snpindel/acaf_threshold/bgen/acaf_threshold.chr7.bgen	acaf_chr7_151762827_155306401	chr7	151762827	155306401
gs://vwb-aou-datasets-controlled/v9/wgs/short_read/snpindel/acaf_threshold/bgen/acaf_threshold.chr7.bgen	acaf_chr7_155306401_158169417	chr7	155306401	158169417
gs://vwb-aou-datasets-controlled/v9/wgs/short_read/snpindel/acaf_threshold/bgen/acaf_threshold.chr7.bgen	acaf_chr7_158169417_159335973	chr7	158169417	159335973
gs://vwb-aou-datasets-controlled/v9/wgs/short_read/snpindel/acaf_threshold/bgen/acaf_threshold.chr8.bgen	acaf_chr8_60422_2085518	chr8	60422	2085518
gs://vwb-aou-datasets-controlled/v9/wgs/short_read/snpindel/acaf_threshold/bgen/acaf_threshold.chr8.bgen	acaf_chr8_2085518_4023519	chr8	2085518	4023519
gs://vwb-aou-datasets-controlled/v9/wgs/short_read/snpindel/acaf_threshold/bgen/acaf_threshold.chr8.bgen	acaf_chr8_4023519_5889705	chr8	4023519	5889705
gs://vwb-aou-datasets-controlled/v9/wgs/short_read/snpindel/acaf_threshold/bgen/acaf_threshold.chr8.bgen	acaf_chr8_5889710_8867658	chr8	5889710	8867658
gs://vwb-aou-datasets-controlled/v9/wgs/short_read/snpindel/acaf_threshold/bgen/acaf_threshold.chr8.bgen	acaf_chr8_8867658_11939477	chr8	8867658	11939477
gs://vwb-aou-datasets-controlled/v9/wgs/short_read/snpindel/acaf_threshold/bgen/acaf_threshold.chr8.bgen	acaf_chr8_11939477_14564824	chr8	11939477	14564824
gs://vwb-aou-datasets-controlled/v9/wgs/short_read/snpindel/acaf_threshold/bgen/acaf_threshold.chr8.bgen	acaf_chr8_14564830_17622247	chr8	14564830	17622247
gs://vwb-aou-datasets-controlled/v9/wgs/short_read/snpindel/acaf_threshold/bgen/acaf_threshold.chr8.bgen	acaf_chr8_17622247_20922738	chr8	17622247	20922738
gs://vwb-aou-datasets-controlled/v9/wgs/short_read/snpindel/acaf_threshold/bgen/acaf_threshold.chr8.bgen	acaf_chr8_20922838_24856437	chr8	20922838	24856437
gs://vwb-aou-datasets-controlled/v9/wgs/short_read/snpindel/acaf_threshold/bgen/acaf_threshold.chr8.bgen	acaf_chr8_24856437_29070960	chr8	24856437	29070960
gs://vwb-aou-datasets-controlled/v9/wgs/short_read/snpindel/acaf_threshold/bgen/acaf_threshold.chr8.bgen	acaf_chr8_29071020_33534234	chr8	29071020	33534234
gs://vwb-aou-datasets-controlled/v9/wgs/short_read/snpindel/acaf_threshold/bgen/acaf_threshold.chr8.bgen	acaf_chr8_33534234_38157578	chr8	33534234	38157578
gs://vwb-aou-datasets-controlled/v9/wgs/short_read/snpindel/acaf_threshold/bgen/acaf_threshold.chr8.bgen	acaf_chr8_38157824_42343367	chr8	38157824	42343367
gs://vwb-aou-datasets-controlled/v9/wgs/short_read/snpindel/acaf_threshold/bgen/acaf_threshold.chr8.bgen	acaf_chr8_42343367_48620022	chr8	42343367	48620022
gs://vwb-aou-datasets-controlled/v9/wgs/short_read/snpindel/acaf_threshold/bgen/acaf_threshold.chr8.bgen	acaf_chr8_48620182_53341025	chr8	48620182	53341025
gs://vwb-aou-datasets-controlled/v9/wgs/short_read/snpindel/acaf_threshold/bgen/acaf_threshold.chr8.bgen	acaf_chr8_53341049_57785059	chr8	53341049	57785059
gs://vwb-aou-datasets-controlled/v9/wgs/short_read/snpindel/acaf_threshold/bgen/acaf_threshold.chr8.bgen	acaf_chr8_57785059_62844278	chr8	57785059	62844278
gs://vwb-aou-datasets-controlled/v9/wgs/short_read/snpindel/acaf_threshold/bgen/acaf_threshold.chr8.bgen	acaf_chr8_62844310_67801254	chr8	62844310	67801254
gs://vwb-aou-datasets-controlled/v9/wgs/short_read/snpindel/acaf_threshold/bgen/acaf_threshold.chr8.bgen	acaf_chr8_67801255_72768455	chr8	67801255	72768455
gs://vwb-aou-datasets-controlled/v9/wgs/short_read/snpindel/acaf_threshold/bgen/acaf_threshold.chr8.bgen	acaf_chr8_72768465_77391992	chr8	72768465	77391992
gs://vwb-aou-datasets-controlled/v9/wgs/short_read/snpindel/acaf_threshold/bgen/acaf_threshold.chr8.bgen	acaf_chr8_77392046_82559755	chr8	77392046	82559755
gs://vwb-aou-datasets-controlled/v9/wgs/short_read/snpindel/acaf_threshold/bgen/acaf_threshold.chr8.bgen	acaf_chr8_82559755_87138152	chr8	82559755	87138152
gs://vwb-aou-datasets-controlled/v9/wgs/short_read/snpindel/acaf_threshold/bgen/acaf_threshold.chr8.bgen	acaf_chr8_87138152_92146411	chr8	87138152	92146411
gs://vwb-aou-datasets-controlled/v9/wgs/short_read/snpindel/acaf_threshold/bgen/acaf_threshold.chr8.bgen	acaf_chr8_92146411_97096295	chr8	92146411	97096295
gs://vwb-aou-datasets-controlled/v9/wgs/short_read/snpindel/acaf_threshold/bgen/acaf_threshold.chr8.bgen	acaf_chr8_97096353_101706317	chr8	97096353	101706317
gs://vwb-aou-datasets-controlled/v9/wgs/short_read/snpindel/acaf_threshold/bgen/acaf_threshold.chr8.bgen	acaf_chr8_101706317_106653071	chr8	101706317	106653071
gs://vwb-aou-datasets-controlled/v9/wgs/short_read/snpindel/acaf_threshold/bgen/acaf_threshold.chr8.bgen	acaf_chr8_106653071_111812787	chr8	106653071	111812787
gs://vwb-aou-datasets-controlled/v9/wgs/short_read/snpindel/acaf_threshold/bgen/acaf_threshold.chr8.bgen	acaf_chr8_111812810_116906758	chr8	111812810	116906758
gs://vwb-aou-datasets-controlled/v9/wgs/short_read/snpindel/acaf_threshold/bgen/acaf_threshold.chr8.bgen	acaf_chr8_116906758_121632764	chr8	116906758	121632764
gs://vwb-aou-datasets-controlled/v9/wgs/short_read/snpindel/acaf_threshold/bgen/acaf_threshold.chr8.bgen	acaf_chr8_121632764_126186862	chr8	121632764	126186862
gs://vwb-aou-datasets-controlled/v9/wgs/short_read/snpindel/acaf_threshold/bgen/acaf_threshold.chr8.bgen	acaf_chr8_126186874_130475245	chr8	126186874	130475245
gs://vwb-aou-datasets-controlled/v9/wgs/short_read/snpindel/acaf_threshold/bgen/acaf_threshold.chr8.bgen	acaf_chr8_130475245_134944762	chr8	130475245	134944762
gs://vwb-aou-datasets-controlled/v9/wgs/short_read/snpindel/acaf_threshold/bgen/acaf_threshold.chr8.bgen	acaf_chr8_134944762_139390450	chr8	134944762	139390450
gs://vwb-aou-datasets-controlled/v9/wgs/short_read/snpindel/acaf_threshold/bgen/acaf_threshold.chr8.bgen	acaf_chr8_139390450_142971263	chr8	139390450	142971263
gs://vwb-aou-datasets-controlled/v9/wgs/short_read/snpindel/acaf_threshold/bgen/acaf_threshold.chr8.bgen	acaf_chr8_142971300_145078437	chr8	142971300	145078437
gs://vwb-aou-datasets-controlled/v9/wgs/short_read/snpindel/acaf_threshold/bgen/acaf_threshold.chr9.bgen	acaf_chr9_10018_3003069	chr9	10018	3003069
gs://vwb-aou-datasets-controlled/v9/wgs/short_read/snpindel/acaf_threshold/bgen/acaf_threshold.chr9.bgen	acaf_chr9_3003069_6693997	chr9	3003069	6693997
gs://vwb-aou-datasets-controlled/v9/wgs/short_read/snpindel/acaf_threshold/bgen/acaf_threshold.chr9.bgen	acaf_chr9_6693997_9952049	chr9	6693997	9952049
gs://vwb-aou-datasets-controlled/v9/wgs/short_read/snpindel/acaf_threshold/bgen/acaf_threshold.chr9.bgen	acaf_chr9_9952123_13603272	chr9	9952123	13603272
gs://vwb-aou-datasets-controlled/v9/wgs/short_read/snpindel/acaf_threshold/bgen/acaf_threshold.chr9.bgen	acaf_chr9_13603292_17248832	chr9	13603292	17248832
gs://vwb-aou-datasets-controlled/v9/wgs/short_read/snpindel/acaf_threshold/bgen/acaf_threshold.chr9.bgen	acaf_chr9_17248863_21180450	chr9	17248863	21180450
gs://vwb-aou-datasets-controlled/v9/wgs/short_read/snpindel/acaf_threshold/bgen/acaf_threshold.chr9.bgen	acaf_chr9_21180450_25117318	chr9	21180450	25117318
gs://vwb-aou-datasets-controlled/v9/wgs/short_read/snpindel/acaf_threshold/bgen/acaf_threshold.chr9.bgen	acaf_chr9_25117322_29312515	chr9	25117322	29312515
gs://vwb-aou-datasets-controlled/v9/wgs/short_read/snpindel/acaf_threshold/bgen/acaf_threshold.chr9.bgen	acaf_chr9_29312519_33831074	chr9	29312519	33831074
gs://vwb-aou-datasets-controlled/v9/wgs/short_read/snpindel/acaf_threshold/bgen/acaf_threshold.chr9.bgen	acaf_chr9_33831074_38504188	chr9	33831074	38504188
gs://vwb-aou-datasets-controlled/v9/wgs/short_read/snpindel/acaf_threshold/bgen/acaf_threshold.chr9.bgen	acaf_chr9_38504227_43183127	chr9	38504227	43183127
gs://vwb-aou-datasets-controlled/v9/wgs/short_read/snpindel/acaf_threshold/bgen/acaf_threshold.chr9.bgen	acaf_chr9_43183135_66199591	chr9	43183135	66199591
gs://vwb-aou-datasets-controlled/v9/wgs/short_read/snpindel/acaf_threshold/bgen/acaf_threshold.chr9.bgen	acaf_chr9_66199591_71752478	chr9	66199591	71752478
gs://vwb-aou-datasets-controlled/v9/wgs/short_read/snpindel/acaf_threshold/bgen/acaf_threshold.chr9.bgen	acaf_chr9_71752478_76560565	chr9	71752478	76560565
gs://vwb-aou-datasets-controlled/v9/wgs/short_read/snpindel/acaf_threshold/bgen/acaf_threshold.chr9.bgen	acaf_chr9_76560571_80957939	chr9	76560571	80957939
gs://vwb-aou-datasets-controlled/v9/wgs/short_read/snpindel/acaf_threshold/bgen/acaf_threshold.chr9.bgen	acaf_chr9_80957939_85633842	chr9	80957939	85633842
gs://vwb-aou-datasets-controlled/v9/wgs/short_read/snpindel/acaf_threshold/bgen/acaf_threshold.chr9.bgen	acaf_chr9_85633842_89871487	chr9	85633842	89871487
gs://vwb-aou-datasets-controlled/v9/wgs/short_read/snpindel/acaf_threshold/bgen/acaf_threshold.chr9.bgen	acaf_chr9_89871547_94689463	chr9	89871547	94689463
gs://vwb-aou-datasets-controlled/v9/wgs/short_read/snpindel/acaf_threshold/bgen/acaf_threshold.chr9.bgen	acaf_chr9_94689506_99836382	chr9	94689506	99836382
gs://vwb-aou-datasets-controlled/v9/wgs/short_read/snpindel/acaf_threshold/bgen/acaf_threshold.chr9.bgen	acaf_chr9_99836562_104386681	chr9	99836562	104386681
gs://vwb-aou-datasets-controlled/v9/wgs/short_read/snpindel/acaf_threshold/bgen/acaf_threshold.chr9.bgen	acaf_chr9_104386684_108902749	chr9	104386684	108902749
gs://vwb-aou-datasets-controlled/v9/wgs/short_read/snpindel/acaf_threshold/bgen/acaf_threshold.chr9.bgen	acaf_chr9_108902749_113293453	chr9	108902749	113293453
gs://vwb-aou-datasets-controlled/v9/wgs/short_read/snpindel/acaf_threshold/bgen/acaf_threshold.chr9.bgen	acaf_chr9_113293453_118142284	chr9	113293453	118142284
gs://vwb-aou-datasets-controlled/v9/wgs/short_read/snpindel/acaf_threshold/bgen/acaf_threshold.chr9.bgen	acaf_chr9_118142292_123128312	chr9	118142292	123128312
gs://vwb-aou-datasets-controlled/v9/wgs/short_read/snpindel/acaf_threshold/bgen/acaf_threshold.chr9.bgen	acaf_chr9_123128369_127666374	chr9	123128369	127666374
gs://vwb-aou-datasets-controlled/v9/wgs/short_read/snpindel/acaf_threshold/bgen/acaf_threshold.chr9.bgen	acaf_chr9_127666377_131360512	chr9	127666377	131360512
gs://vwb-aou-datasets-controlled/v9/wgs/short_read/snpindel/acaf_threshold/bgen/acaf_threshold.chr9.bgen	acaf_chr9_131360512_134759642	chr9	131360512	134759642
gs://vwb-aou-datasets-controlled/v9/wgs/short_read/snpindel/acaf_threshold/bgen/acaf_threshold.chr9.bgen	acaf_chr9_134759642_137601235	chr9	134759642	137601235
gs://vwb-aou-datasets-controlled/v9/wgs/short_read/snpindel/acaf_threshold/bgen/acaf_threshold.chr9.bgen	acaf_chr9_137601235_138319357	chr9	137601235	138319357
gs://vwb-aou-datasets-controlled/v9/wgs/short_read/snpindel/acaf_threshold/bgen/acaf_threshold.chrX.bgen	acaf_chrX_12219_1281435	chrX	12219	1281435
gs://vwb-aou-datasets-controlled/v9/wgs/short_read/snpindel/acaf_threshold/bgen/acaf_threshold.chrX.bgen	acaf_chrX_1281435_3482418	chrX	1281435	3482418
gs://vwb-aou-datasets-controlled/v9/wgs/short_read/snpindel/acaf_threshold/bgen/acaf_threshold.chrX.bgen	acaf_chrX_3482452_8845709	chrX	3482452	8845709
gs://vwb-aou-datasets-controlled/v9/wgs/short_read/snpindel/acaf_threshold/bgen/acaf_threshold.chrX.bgen	acaf_chrX_8845766_15792146	chrX	8845766	15792146
gs://vwb-aou-datasets-controlled/v9/wgs/short_read/snpindel/acaf_threshold/bgen/acaf_threshold.chrX.bgen	acaf_chrX_15792171_22870006	chrX	15792171	22870006
gs://vwb-aou-datasets-controlled/v9/wgs/short_read/snpindel/acaf_threshold/bgen/acaf_threshold.chrX.bgen	acaf_chrX_22870050_29565972	chrX	22870050	29565972
gs://vwb-aou-datasets-controlled/v9/wgs/short_read/snpindel/acaf_threshold/bgen/acaf_threshold.chrX.bgen	acaf_chrX_29565979_35226982	chrX	29565979	35226982
gs://vwb-aou-datasets-controlled/v9/wgs/short_read/snpindel/acaf_threshold/bgen/acaf_threshold.chrX.bgen	acaf_chrX_35227162_42550007	chrX	35227162	42550007
gs://vwb-aou-datasets-controlled/v9/wgs/short_read/snpindel/acaf_threshold/bgen/acaf_threshold.chrX.bgen	acaf_chrX_42550236_49303613	chrX	42550236	49303613
gs://vwb-aou-datasets-controlled/v9/wgs/short_read/snpindel/acaf_threshold/bgen/acaf_threshold.chrX.bgen	acaf_chrX_49303667_56375274	chrX	49303667	56375274
gs://vwb-aou-datasets-controlled/v9/wgs/short_read/snpindel/acaf_threshold/bgen/acaf_threshold.chrX.bgen	acaf_chrX_56375407_65378889	chrX	56375407	65378889
gs://vwb-aou-datasets-controlled/v9/wgs/short_read/snpindel/acaf_threshold/bgen/acaf_threshold.chrX.bgen	acaf_chrX_65378897_71186063	chrX	65378897	71186063
gs://vwb-aou-datasets-controlled/v9/wgs/short_read/snpindel/acaf_threshold/bgen/acaf_threshold.chrX.bgen	acaf_chrX_71186069_77728060	chrX	71186069	77728060
gs://vwb-aou-datasets-controlled/v9/wgs/short_read/snpindel/acaf_threshold/bgen/acaf_threshold.chrX.bgen	acaf_chrX_77728217_83869665	chrX	77728217	83869665
gs://vwb-aou-datasets-controlled/v9/wgs/short_read/snpindel/acaf_threshold/bgen/acaf_threshold.chrX.bgen	acaf_chrX_83869665_89447008	chrX	83869665	89447008
gs://vwb-aou-datasets-controlled/v9/wgs/short_read/snpindel/acaf_threshold/bgen/acaf_threshold.chrX.bgen	acaf_chrX_89447008_95936423	chrX	89447008	95936423
gs://vwb-aou-datasets-controlled/v9/wgs/short_read/snpindel/acaf_threshold/bgen/acaf_threshold.chrX.bgen	acaf_chrX_95936487_102919361	chrX	95936487	102919361
gs://vwb-aou-datasets-controlled/v9/wgs/short_read/snpindel/acaf_threshold/bgen/acaf_threshold.chrX.bgen	acaf_chrX_102919361_110653838	chrX	102919361	110653838
gs://vwb-aou-datasets-controlled/v9/wgs/short_read/snpindel/acaf_threshold/bgen/acaf_threshold.chrX.bgen	acaf_chrX_110653838_117071336	chrX	110653838	117071336
gs://vwb-aou-datasets-controlled/v9/wgs/short_read/snpindel/acaf_threshold/bgen/acaf_threshold.chrX.bgen	acaf_chrX_117071336_123559807	chrX	117071336	123559807
gs://vwb-aou-datasets-controlled/v9/wgs/short_read/snpindel/acaf_threshold/bgen/acaf_threshold.chrX.bgen	acaf_chrX_123559807_130062694	chrX	123559807	130062694
gs://vwb-aou-datasets-controlled/v9/wgs/short_read/snpindel/acaf_threshold/bgen/acaf_threshold.chrX.bgen	acaf_chrX_130062807_137508226	chrX	130062807	137508226
gs://vwb-aou-datasets-controlled/v9/wgs/short_read/snpindel/acaf_threshold/bgen/acaf_threshold.chrX.bgen	acaf_chrX_137508538_143868369	chrX	137508538	143868369
gs://vwb-aou-datasets-controlled/v9/wgs/short_read/snpindel/acaf_threshold/bgen/acaf_threshold.chrX.bgen	acaf_chrX_143868369_150000911	chrX	143868369	150000911
gs://vwb-aou-datasets-controlled/v9/wgs/short_read/snpindel/acaf_threshold/bgen/acaf_threshold.chrX.bgen	acaf_chrX_150000911_156030895	chrX	150000911	156030895
gs://workspace-bucket-wb-radiant-cabbage-3726/exome_only/chr10_exome_only.bgen	exome_specific_chr10_46873_17233826	chr10	46873	17233826
gs://workspace-bucket-wb-radiant-cabbage-3726/exome_only/chr10_exome_only.bgen	exome_specific_chr10_17233833_37829412	chr10	17233833	37829412
gs://workspace-bucket-wb-radiant-cabbage-3726/exome_only/chr10_exome_only.bgen	exome_specific_chr10_37829416_60075445	chr10	37829416	60075445
gs://workspace-bucket-wb-radiant-cabbage-3726/exome_only/chr10_exome_only.bgen	exome_specific_chr10_60075447_73654242	chr10	60075447	73654242
gs://workspace-bucket-wb-radiant-cabbage-3726/exome_only/chr10_exome_only.bgen	exome_specific_chr10_73654243_89738518	chr10	73654243	89738518
gs://workspace-bucket-wb-radiant-cabbage-3726/exome_only/chr10_exome_only.bgen	exome_specific_chr10_89738519_99712696	chr10	89738519	99712696
gs://workspace-bucket-wb-radiant-cabbage-3726/exome_only/chr10_exome_only.bgen	exome_specific_chr10_99712701_110596385	chr10	99712701	110596385
gs://workspace-bucket-wb-radiant-cabbage-3726/exome_only/chr10_exome_only.bgen	exome_specific_chr10_110596385_122982950	chr10	110596385	122982950
gs://workspace-bucket-wb-radiant-cabbage-3726/exome_only/chr10_exome_only.bgen	exome_specific_chr10_122982950_133626808	chr10	122982950	133626808
gs://workspace-bucket-wb-radiant-cabbage-3726/exome_only/chr11_exome_only.bgen	exome_specific_chr11_167773_4601044	chr11	167773	4601044
gs://workspace-bucket-wb-radiant-cabbage-3726/exome_only/chr11_exome_only.bgen	exome_specific_chr11_4601046_9069432	chr11	4601046	9069432
gs://workspace-bucket-wb-radiant-cabbage-3726/exome_only/chr11_exome_only.bgen	exome_specific_chr11_9069434_22625095	chr11	9069434	22625095
gs://workspace-bucket-wb-radiant-cabbage-3726/exome_only/chr11_exome_only.bgen	exome_specific_chr11_22625096_45230976	chr11	22625096	45230976
gs://workspace-bucket-wb-radiant-cabbage-3726/exome_only/chr11_exome_only.bgen	exome_specific_chr11_45230977_58124583	chr11	45230977	58124583
gs://workspace-bucket-wb-radiant-cabbage-3726/exome_only/chr11_exome_only.bgen	exome_specific_chr11_58124583_62881282	chr11	58124583	62881282
gs://workspace-bucket-wb-radiant-cabbage-3726/exome_only/chr11_exome_only.bgen	exome_specific_chr11_62881284_66267093	chr11	62881284	66267093
gs://workspace-bucket-wb-radiant-cabbage-3726/exome_only/chr11_exome_only.bgen	exome_specific_chr11_66267095_72293438	chr11	66267095	72293438
gs://workspace-bucket-wb-radiant-cabbage-3726/exome_only/chr11_exome_only.bgen	exome_specific_chr11_72293440_82987698	chr11	72293440	82987698
gs://workspace-bucket-wb-radiant-cabbage-3726/exome_only/chr11_exome_only.bgen	exome_specific_chr11_82987700_102324859	chr11	82987700	102324859
gs://workspace-bucket-wb-radiant-cabbage-3726/exome_only/chr11_exome_only.bgen	exome_specific_chr11_102324864_115169729	chr11	102324864	115169729
gs://workspace-bucket-wb-radiant-cabbage-3726/exome_only/chr11_exome_only.bgen	exome_specific_chr11_115169732_123631222	chr11	115169732	123631222
gs://workspace-bucket-wb-radiant-cabbage-3726/exome_only/chr11_exome_only.bgen	exome_specific_chr11_123631222_134391770	chr11	123631222	134391770
gs://workspace-bucket-wb-radiant-cabbage-3726/exome_only/chr11_exome_only.bgen	exome_specific_chr11_134391771_134412257	chr11	134391771	134412257
gs://workspace-bucket-wb-radiant-cabbage-3726/exome_only/chr12_exome_only.bgen	exome_specific_chr12_66757_7766090	chr12	66757	7766090
gs://workspace-bucket-wb-radiant-cabbage-3726/exome_only/chr12_exome_only.bgen	exome_specific_chr12_7766091_19200641	chr12	7766091	19200641
gs://workspace-bucket-wb-radiant-cabbage-3726/exome_only/chr12_exome_only.bgen	exome_specific_chr12_19200641_39949685	chr12	19200641	39949685
gs://workspace-bucket-wb-radiant-cabbage-3726/exome_only/chr12_exome_only.bgen	exome_specific_chr12_39949686_49791865	chr12	39949686	49791865
gs://workspace-bucket-wb-radiant-cabbage-3726/exome_only/chr12_exome_only.bgen	exome_specific_chr12_49791866_54285346	chr12	49791866	54285346
gs://workspace-bucket-wb-radiant-cabbage-3726/exome_only/chr12_exome_only.bgen	exome_specific_chr12_54285348_57716388	chr12	54285348	57716388
gs://workspace-bucket-wb-radiant-cabbage-3726/exome_only/chr12_exome_only.bgen	exome_specific_chr12_57716388_71138196	chr12	57716388	71138196
gs://workspace-bucket-wb-radiant-cabbage-3726/exome_only/chr12_exome_only.bgen	exome_specific_chr12_71138201_93405445	chr12	71138201	93405445
gs://workspace-bucket-wb-radiant-cabbage-3726/exome_only/chr12_exome_only.bgen	exome_specific_chr12_93405445_106973759	chr12	93405445	106973759
gs://workspace-bucket-wb-radiant-cabbage-3726/exome_only/chr12_exome_only.bgen	exome_specific_chr12_106973760_114670871	chr12	106973760	114670871
gs://workspace-bucket-wb-radiant-cabbage-3726/exome_only/chr12_exome_only.bgen	exome_specific_chr12_114670873_123202891	chr12	114670873	123202891
gs://workspace-bucket-wb-radiant-cabbage-3726/exome_only/chr12_exome_only.bgen	exome_specific_chr12_123202892_133213185	chr12	123202892	133213185
gs://workspace-bucket-wb-radiant-cabbage-3726/exome_only/chr12_exome_only.bgen	exome_specific_chr12_133213187_133235892	chr12	133213187	133235892
gs://workspace-bucket-wb-radiant-cabbage-3726/exome_only/chr13_exome_only.bgen	exome_specific_chr13_19173757_33055229	chr13	19173757	33055229
gs://workspace-bucket-wb-radiant-cabbage-3726/exome_only/chr13_exome_only.bgen	exome_specific_chr13_33055232_49208228	chr13	33055232	49208228
gs://workspace-bucket-wb-radiant-cabbage-3726/exome_only/chr13_exome_only.bgen	exome_specific_chr13_49208229_79359682	chr13	49208229	79359682
gs://workspace-bucket-wb-radiant-cabbage-3726/exome_only/chr13_exome_only.bgen	exome_specific_chr13_79359682_110714122	chr13	79359682	110714122
gs://workspace-bucket-wb-radiant-cabbage-3726/exome_only/chr13_exome_only.bgen	exome_specific_chr13_110714123_114327336	chr13	110714123	114327336
gs://workspace-bucket-wb-radiant-cabbage-3726/exome_only/chr14_exome_only.bgen	exome_specific_chr14_18601105_24161277	chr14	18601105	24161277
gs://workspace-bucket-wb-radiant-cabbage-3726/exome_only/chr14_exome_only.bgen	exome_specific_chr14_24161278_45247052	chr14	24161278	45247052
gs://workspace-bucket-wb-radiant-cabbage-3726/exome_only/chr14_exome_only.bgen	exome_specific_chr14_45247052_60141516	chr14	45247052	60141516
gs://workspace-bucket-wb-radiant-cabbage-3726/exome_only/chr14_exome_only.bgen	exome_specific_chr14_60141516_70673010	chr14	60141516	70673010
gs://workspace-bucket-wb-radiant-cabbage-3726/exome_only/chr14_exome_only.bgen	exome_specific_chr14_70673012_77934597	chr14	70673012	77934597
gs://workspace-bucket-wb-radiant-cabbage-3726/exome_only/chr14_exome_only.bgen	exome_specific_chr14_77934597_94047165	chr14	77934597	94047165
gs://workspace-bucket-wb-radiant-cabbage-3726/exome_only/chr14_exome_only.bgen	exome_specific_chr14_94047165_103592139	chr14	94047165	103592139
gs://workspace-bucket-wb-radiant-cabbage-3726/exome_only/chr14_exome_only.bgen	exome_specific_chr14_103592141_105530217	chr14	103592141	105530217
gs://workspace-bucket-wb-radiant-cabbage-3726/exome_only/chr15_exome_only.bgen	exome_specific_chr15_20531848_35371310	chr15	20531848	35371310
gs://workspace-bucket-wb-radiant-cabbage-3726/exome_only/chr15_exome_only.bgen	exome_specific_chr15_35371313_42745298	chr15	35371313	42745298
gs://workspace-bucket-wb-radiant-cabbage-3726/exome_only/chr15_exome_only.bgen	exome_specific_chr15_42745301_51465662	chr15	42745301	51465662
gs://workspace-bucket-wb-radiant-cabbage-3726/exome_only/chr15_exome_only.bgen	exome_specific_chr15_51465662_62844159	chr15	51465662	62844159
gs://workspace-bucket-wb-radiant-cabbage-3726/exome_only/chr15_exome_only.bgen	exome_specific_chr15_62844160_71779861	chr15	62844160	71779861
gs://workspace-bucket-wb-radiant-cabbage-3726/exome_only/chr15_exome_only.bgen	exome_specific_chr15_71779861_78533925	chr15	71779861	78533925
gs://workspace-bucket-wb-radiant-cabbage-3726/exome_only/chr15_exome_only.bgen	exome_specific_chr15_78533929_88913271	chr15	78533929	88913271
gs://workspace-bucket-wb-radiant-cabbage-3726/exome_only/chr15_exome_only.bgen	exome_specific_chr15_88913272_101654419	chr15	88913272	101654419
gs://workspace-bucket-wb-radiant-cabbage-3726/exome_only/chr15_exome_only.bgen	exome_specific_chr15_101654421_101923128	chr15	101654421	101923128
gs://workspace-bucket-wb-radiant-cabbage-3726/exome_only/chr16_exome_only.bgen	exome_specific_chr16_46396_2173483	chr16	46396	2173483
gs://workspace-bucket-wb-radiant-cabbage-3726/exome_only/chr16_exome_only.bgen	exome_specific_chr16_2173486_4868889	chr16	2173486	4868889
gs://workspace-bucket-wb-radiant-cabbage-3726/exome_only/chr16_exome_only.bgen	exome_specific_chr16_4868890_18543760	chr16	4868890	18543760
gs://workspace-bucket-wb-radiant-cabbage-3726/exome_only/chr16_exome_only.bgen	exome_specific_chr16_18543774_28477268	chr16	18543774	28477268
gs://workspace-bucket-wb-radiant-cabbage-3726/exome_only/chr16_exome_only.bgen	exome_specific_chr16_28477270_31916494	chr16	28477270	31916494
gs://workspace-bucket-wb-radiant-cabbage-3726/exome_only/chr16_exome_only.bgen	exome_specific_chr16_31916495_57702034	chr16	31916495	57702034
gs://workspace-bucket-wb-radiant-cabbage-3726/exome_only/chr16_exome_only.bgen	exome_specific_chr16_57702036_69187155	chr16	57702036	69187155
gs://workspace-bucket-wb-radiant-cabbage-3726/exome_only/chr16_exome_only.bgen	exome_specific_chr16_69187157_75623287	chr16	69187157	75623287
gs://workspace-bucket-wb-radiant-cabbage-3726/exome_only/chr16_exome_only.bgen	exome_specific_chr16_75623287_85806172	chr16	75623287	85806172
gs://workspace-bucket-wb-radiant-cabbage-3726/exome_only/chr16_exome_only.bgen	exome_specific_chr16_85806173_90077346	chr16	85806173	90077346
gs://workspace-bucket-wb-radiant-cabbage-3726/exome_only/chr17_exome_only.bgen	exome_specific_chr17_137554_4559005	chr17	137554	4559005
gs://workspace-bucket-wb-radiant-cabbage-3726/exome_only/chr17_exome_only.bgen	exome_specific_chr17_4559008_7854194	chr17	4559008	7854194
gs://workspace-bucket-wb-radiant-cabbage-3726/exome_only/chr17_exome_only.bgen	exome_specific_chr17_7854195_17138154	chr17	7854195	17138154
gs://workspace-bucket-wb-radiant-cabbage-3726/exome_only/chr17_exome_only.bgen	exome_specific_chr17_17138155_28957037	chr17	17138155	28957037
gs://workspace-bucket-wb-radiant-cabbage-3726/exome_only/chr17_exome_only.bgen	exome_specific_chr17_28957037_36607961	chr17	28957037	36607961
gs://workspace-bucket-wb-radiant-cabbage-3726/exome_only/chr17_exome_only.bgen	exome_specific_chr17_36607964_41520722	chr17	36607964	41520722
gs://workspace-bucket-wb-radiant-cabbage-3726/exome_only/chr17_exome_only.bgen	exome_specific_chr17_41520724_45109660	chr17	41520724	45109660
gs://workspace-bucket-wb-radiant-cabbage-3726/exome_only/chr17_exome_only.bgen	exome_specific_chr17_45109662_50756135	chr17	45109662	50756135
gs://workspace-bucket-wb-radiant-cabbage-3726/exome_only/chr17_exome_only.bgen	exome_specific_chr17_50756135_63425809	chr17	50756135	63425809
gs://workspace-bucket-wb-radiant-cabbage-3726/exome_only/chr17_exome_only.bgen	exome_specific_chr17_63425812_74582297	chr17	63425812	74582297
gs://workspace-bucket-wb-radiant-cabbage-3726/exome_only/chr17_exome_only.bgen	exome_specific_chr17_74582299_78526720	chr17	74582299	78526720
gs://workspace-bucket-wb-radiant-cabbage-3726/exome_only/chr17_exome_only.bgen	exome_specific_chr17_78526722_82586083	chr17	78526722	82586083
gs://workspace-bucket-wb-radiant-cabbage-3726/exome_only/chr17_exome_only.bgen	exome_specific_chr17_82586085_83095136	chr17	82586085	83095136
gs://workspace-bucket-wb-radiant-cabbage-3726/exome_only/chr18_exome_only.bgen	exome_specific_chr18_47209_22172183	chr18	47209	22172183
gs://workspace-bucket-wb-radiant-cabbage-3726/exome_only/chr18_exome_only.bgen	exome_specific_chr18_22172184_45954486	chr18	22172184	45954486
gs://workspace-bucket-wb-radiant-cabbage-3726/exome_only/chr18_exome_only.bgen	exome_specific_chr18_45954490_58535292	chr18	45954490	58535292
gs://workspace-bucket-wb-radiant-cabbage-3726/exome_only/chr18_exome_only.bgen	exome_specific_chr18_58535298_79972755	chr18	58535298	79972755
gs://workspace-bucket-wb-radiant-cabbage-3726/exome_only/chr18_exome_only.bgen	exome_specific_chr18_79972756_80247527	chr18	79972756	80247527
gs://workspace-bucket-wb-radiant-cabbage-3726/exome_only/chr19_exome_only.bgen	exome_specific_chr19_107103_2428363	chr19	107103	2428363
gs://workspace-bucket-wb-radiant-cabbage-3726/exome_only/chr19_exome_only.bgen	exome_specific_chr19_2428364_6211181	chr19	2428364	6211181
gs://workspace-bucket-wb-radiant-cabbage-3726/exome_only/chr19_exome_only.bgen	exome_specific_chr19_6211181_9757982	chr19	6211181	9757982
gs://workspace-bucket-wb-radiant-cabbage-3726/exome_only/chr19_exome_only.bgen	exome_specific_chr19_9757984_13144351	chr19	9757984	13144351
gs://workspace-bucket-wb-radiant-cabbage-3726/exome_only/chr19_exome_only.bgen	exome_specific_chr19_13144352_17306714	chr19	13144352	17306714
gs://workspace-bucket-wb-radiant-cabbage-3726/exome_only/chr19_exome_only.bgen	exome_specific_chr19_17306722_21378691	chr19	17306722	21378691
gs://workspace-bucket-wb-radiant-cabbage-3726/exome_only/chr19_exome_only.bgen	exome_specific_chr19_21378691_35642071	chr19	21378691	35642071
gs://workspace-bucket-wb-radiant-cabbage-3726/exome_only/chr19_exome_only.bgen	exome_specific_chr19_35642073_39248478	chr19	35642073	39248478
gs://workspace-bucket-wb-radiant-cabbage-3726/exome_only/chr19_exome_only.bgen	exome_specific_chr19_39248478_43506733	chr19	39248478	43506733
gs://workspace-bucket-wb-radiant-cabbage-3726/exome_only/chr19_exome_only.bgen	exome_specific_chr19_43506734_47019998	chr19	43506734	47019998
gs://workspace-bucket-wb-radiant-cabbage-3726/exome_only/chr19_exome_only.bgen	exome_specific_chr19_47019998_50154710	chr19	47019998	50154710
gs://workspace-bucket-wb-radiant-cabbage-3726/exome_only/chr19_exome_only.bgen	exome_specific_chr19_50154711_53456242	chr19	50154711	53456242
gs://workspace-bucket-wb-radiant-cabbage-3726/exome_only/chr19_exome_only.bgen	exome_specific_chr19_53456245_56524842	chr19	53456245	56524842
gs://workspace-bucket-wb-radiant-cabbage-3726/exome_only/chr19_exome_only.bgen	exome_specific_chr19_56524844_58573590	chr19	56524844	58573590
gs://workspace-bucket-wb-radiant-cabbage-3726/exome_only/chr1_exome_only.bgen	exome_specific_chr1_65529_6294955	chr1	65529	6294955
gs://workspace-bucket-wb-radiant-cabbage-3726/exome_only/chr1_exome_only.bgen	exome_specific_chr1_6294958_13370877	chr1	6294958	13370877
gs://workspace-bucket-wb-radiant-cabbage-3726/exome_only/chr1_exome_only.bgen	exome_specific_chr1_13370883_21622461	chr1	13370883	21622461
gs://workspace-bucket-wb-radiant-cabbage-3726/exome_only/chr1_exome_only.bgen	exome_specific_chr1_21622462_27296408	chr1	21622462	27296408
gs://workspace-bucket-wb-radiant-cabbage-3726/exome_only/chr1_exome_only.bgen	exome_specific_chr1_27296409_34988588	chr1	27296409	34988588
gs://workspace-bucket-wb-radiant-cabbage-3726/exome_only/chr1_exome_only.bgen	exome_specific_chr1_34988589_42188933	chr1	34988589	42188933
gs://workspace-bucket-wb-radiant-cabbage-3726/exome_only/chr1_exome_only.bgen	exome_specific_chr1_42188936_50438565	chr1	42188936	50438565
gs://workspace-bucket-wb-radiant-cabbage-3726/exome_only/chr1_exome_only.bgen	exome_specific_chr1_50438567_64179449	chr1	50438567	64179449
gs://workspace-bucket-wb-radiant-cabbage-3726/exome_only/chr1_exome_only.bgen	exome_specific_chr1_64179450_84645127	chr1	64179450	84645127
gs://workspace-bucket-wb-radiant-cabbage-3726/exome_only/chr1_exome_only.bgen	exome_specific_chr1_84645132_100024016	chr1	84645132	100024016
gs://workspace-bucket-wb-radiant-cabbage-3726/exome_only/chr1_exome_only.bgen	exome_specific_chr1_100024016_112457180	chr1	100024016	112457180
gs://workspace-bucket-wb-radiant-cabbage-3726/exome_only/chr1_exome_only.bgen	exome_specific_chr1_112457180_145912225	chr1	112457180	145912225
gs://workspace-bucket-wb-radiant-cabbage-3726/exome_only/chr1_exome_only.bgen	exome_specific_chr1_145912228_152303251	chr1	145912228	152303251
gs://workspace-bucket-wb-radiant-cabbage-3726/exome_only/chr1_exome_only.bgen	exome_specific_chr1_152303252_156337471	chr1	152303252	156337471
gs://workspace-bucket-wb-radiant-cabbage-3726/exome_only/chr1_exome_only.bgen	exome_specific_chr1_156337473_161363043	chr1	156337473	161363043
gs://workspace-bucket-wb-radiant-cabbage-3726/exome_only/chr1_exome_only.bgen	exome_specific_chr1_161363044_173857274	chr1	161363044	173857274
gs://workspace-bucket-wb-radiant-cabbage-3726/exome_only/chr1_exome_only.bgen	exome_specific_chr1_173857284_183964253	chr1	173857284	183964253
gs://workspace-bucket-wb-radiant-cabbage-3726/exome_only/chr1_exome_only.bgen	exome_specific_chr1_183964258_202585845	chr1	183964258	202585845
gs://workspace-bucket-wb-radiant-cabbage-3726/exome_only/chr1_exome_only.bgen	exome_specific_chr1_202585846_209632770	chr1	202585846	209632770
gs://workspace-bucket-wb-radiant-cabbage-3726/exome_only/chr1_exome_only.bgen	exome_specific_chr1_209632771_224929674	chr1	209632771	224929674
gs://workspace-bucket-wb-radiant-cabbage-3726/exome_only/chr1_exome_only.bgen	exome_specific_chr1_224929675_233374003	chr1	224929675	233374003
gs://workspace-bucket-wb-radiant-cabbage-3726/exome_only/chr1_exome_only.bgen	exome_specific_chr1_233374004_248030138	chr1	233374004	248030138
gs://workspace-bucket-wb-radiant-cabbage-3726/exome_only/chr1_exome_only.bgen	exome_specific_chr1_248030139_248919960	chr1	248030139	248919960
gs://workspace-bucket-wb-radiant-cabbage-3726/exome_only/chr20_exome_only.bgen	exome_specific_chr20_87657_8716292	chr20	87657	8716292
gs://workspace-bucket-wb-radiant-cabbage-3726/exome_only/chr20_exome_only.bgen	exome_specific_chr20_8716298_32310575	chr20	8716298	32310575
gs://workspace-bucket-wb-radiant-cabbage-3726/exome_only/chr20_exome_only.bgen	exome_specific_chr20_32310578_40687228	chr20	32310578	40687228
gs://workspace-bucket-wb-radiant-cabbage-3726/exome_only/chr20_exome_only.bgen	exome_specific_chr20_40687232_49983096	chr20	40687232	49983096
gs://workspace-bucket-wb-radiant-cabbage-3726/exome_only/chr20_exome_only.bgen	exome_specific_chr20_49983097_62845457	chr20	49983097	62845457
gs://workspace-bucket-wb-radiant-cabbage-3726/exome_only/chr20_exome_only.bgen	exome_specific_chr20_62845458_64276239	chr20	62845458	64276239
gs://workspace-bucket-wb-radiant-cabbage-3726/exome_only/chr21_exome_only.bgen	exome_specific_chr21_10521538_37088794	chr21	10521538	37088794
gs://workspace-bucket-wb-radiant-cabbage-3726/exome_only/chr21_exome_only.bgen	exome_specific_chr21_37088795_45984433	chr21	37088795	45984433
gs://workspace-bucket-wb-radiant-cabbage-3726/exome_only/chr21_exome_only.bgen	exome_specific_chr21_45984434_46665139	chr21	45984434	46665139
gs://workspace-bucket-wb-radiant-cabbage-3726/exome_only/chr22_exome_only.bgen	exome_specific_chr22_15528180_23857300	chr22	15528180	23857300
gs://workspace-bucket-wb-radiant-cabbage-3726/exome_only/chr22_exome_only.bgen	exome_specific_chr22_23857300_31754003	chr22	23857300	31754003
gs://workspace-bucket-wb-radiant-cabbage-3726/exome_only/chr22_exome_only.bgen	exome_specific_chr22_31754003_39502405	chr22	31754003	39502405
gs://workspace-bucket-wb-radiant-cabbage-3726/exome_only/chr22_exome_only.bgen	exome_specific_chr22_39502406_45432397	chr22	39502406	45432397
gs://workspace-bucket-wb-radiant-cabbage-3726/exome_only/chr22_exome_only.bgen	exome_specific_chr22_45432398_50783681	chr22	45432398	50783681
gs://workspace-bucket-wb-radiant-cabbage-3726/exome_only/chr2_exome_only.bgen	exome_specific_chr2_38802_23385483	chr2	38802	23385483
gs://workspace-bucket-wb-radiant-cabbage-3726/exome_only/chr2_exome_only.bgen	exome_specific_chr2_23385484_31173609	chr2	23385484	31173609
gs://workspace-bucket-wb-radiant-cabbage-3726/exome_only/chr2_exome_only.bgen	exome_specific_chr2_31173610_44301302	chr2	31173610	44301302
gs://workspace-bucket-wb-radiant-cabbage-3726/exome_only/chr2_exome_only.bgen	exome_specific_chr2_44301303_61826535	chr2	44301303	61826535
gs://workspace-bucket-wb-radiant-cabbage-3726/exome_only/chr2_exome_only.bgen	exome_specific_chr2_61826537_74102421	chr2	61826537	74102421
gs://workspace-bucket-wb-radiant-cabbage-3726/exome_only/chr2_exome_only.bgen	exome_specific_chr2_74102426_96248589	chr2	74102426	96248589
gs://workspace-bucket-wb-radiant-cabbage-3726/exome_only/chr2_exome_only.bgen	exome_specific_chr2_96248592_109503068	chr2	96248592	109503068
gs://workspace-bucket-wb-radiant-cabbage-3726/exome_only/chr2_exome_only.bgen	exome_specific_chr2_109503072_128193764	chr2	109503072	128193764
gs://workspace-bucket-wb-radiant-cabbage-3726/exome_only/chr2_exome_only.bgen	exome_specific_chr2_128193771_152762182	chr2	128193771	152762182
gs://workspace-bucket-wb-radiant-cabbage-3726/exome_only/chr2_exome_only.bgen	exome_specific_chr2_152762185_170717065	chr2	152762185	170717065
gs://workspace-bucket-wb-radiant-cabbage-3726/exome_only/chr2_exome_only.bgen	exome_specific_chr2_170717065_178837468	chr2	170717065	178837468
gs://workspace-bucket-wb-radiant-cabbage-3726/exome_only/chr2_exome_only.bgen	exome_specific_chr2_178837469_197786383	chr2	178837469	197786383
gs://workspace-bucket-wb-radiant-cabbage-3726/exome_only/chr2_exome_only.bgen	exome_specific_chr2_197786387_207754760	chr2	197786387	207754760
gs://workspace-bucket-wb-radiant-cabbage-3726/exome_only/chr2_exome_only.bgen	exome_specific_chr2_207754762_219498193	chr2	207754762	219498193
gs://workspace-bucket-wb-radiant-cabbage-3726/exome_only/chr2_exome_only.bgen	exome_specific_chr2_219498196_233470290	chr2	219498196	233470290
gs://workspace-bucket-wb-radiant-cabbage-3726/exome_only/chr2_exome_only.bgen	exome_specific_chr2_233470291_241902564	chr2	233470291	241902564
gs://workspace-bucket-wb-radiant-cabbage-3726/exome_only/chr3_exome_only.bgen	exome_specific_chr3_196749_14490230	chr3	196749	14490230
gs://workspace-bucket-wb-radiant-cabbage-3726/exome_only/chr3_exome_only.bgen	exome_specific_chr3_14490230_35685344	chr3	14490230	35685344
gs://workspace-bucket-wb-radiant-cabbage-3726/exome_only/chr3_exome_only.bgen	exome_specific_chr3_35685348_44882144	chr3	35685348	44882144
gs://workspace-bucket-wb-radiant-cabbage-3726/exome_only/chr3_exome_only.bgen	exome_specific_chr3_44882147_49676205	chr3	44882147	49676205
gs://workspace-bucket-wb-radiant-cabbage-3726/exome_only/chr3_exome_only.bgen	exome_specific_chr3_49676207_56139682	chr3	49676207	56139682
gs://workspace-bucket-wb-radiant-cabbage-3726/exome_only/chr3_exome_only.bgen	exome_specific_chr3_56139682_85883332	chr3	56139682	85883332
gs://workspace-bucket-wb-radiant-cabbage-3726/exome_only/chr3_exome_only.bgen	exome_specific_chr3_85883333_112117424	chr3	85883333	112117424
gs://workspace-bucket-wb-radiant-cabbage-3726/exome_only/chr3_exome_only.bgen	exome_specific_chr3_112117426_122913021	chr3	112117426	122913021
gs://workspace-bucket-wb-radiant-cabbage-3726/exome_only/chr3_exome_only.bgen	exome_specific_chr3_122913023_133396041	chr3	122913023	133396041
gs://workspace-bucket-wb-radiant-cabbage-3726/exome_only/chr3_exome_only.bgen	exome_specific_chr3_133396042_149030790	chr3	133396042	149030790
gs://workspace-bucket-wb-radiant-cabbage-3726/exome_only/chr3_exome_only.bgen	exome_specific_chr3_149030791_169939007	chr3	149030791	169939007
gs://workspace-bucket-wb-radiant-cabbage-3726/exome_only/chr3_exome_only.bgen	exome_specific_chr3_169939007_185077847	chr3	169939007	185077847
gs://workspace-bucket-wb-radiant-cabbage-3726/exome_only/chr3_exome_only.bgen	exome_specific_chr3_185077847_196947731	chr3	185077847	196947731
gs://workspace-bucket-wb-radiant-cabbage-3726/exome_only/chr3_exome_only.bgen	exome_specific_chr3_196947733_198043733	chr3	196947733	198043733
gs://workspace-bucket-wb-radiant-cabbage-3726/exome_only/chr4_exome_only.bgen	exome_specific_chr4_53461_5958673	chr4	53461	5958673
gs://workspace-bucket-wb-radiant-cabbage-3726/exome_only/chr4_exome_only.bgen	exome_specific_chr4_5958681_26434010	chr4	5958681	26434010
gs://workspace-bucket-wb-radiant-cabbage-3726/exome_only/chr4_exome_only.bgen	exome_specific_chr4_26434011_52628026	chr4	26434011	52628026
gs://workspace-bucket-wb-radiant-cabbage-3726/exome_only/chr4_exome_only.bgen	exome_specific_chr4_52628028_75521773	chr4	52628028	75521773
gs://workspace-bucket-wb-radiant-cabbage-3726/exome_only/chr4_exome_only.bgen	exome_specific_chr4_75521774_88398164	chr4	75521774	88398164
gs://workspace-bucket-wb-radiant-cabbage-3726/exome_only/chr4_exome_only.bgen	exome_specific_chr4_88398164_110012456	chr4	88398164	110012456
gs://workspace-bucket-wb-radiant-cabbage-3726/exome_only/chr4_exome_only.bgen	exome_specific_chr4_110012457_139058749	chr4	110012457	139058749
gs://workspace-bucket-wb-radiant-cabbage-3726/exome_only/chr4_exome_only.bgen	exome_specific_chr4_139058750_155772646	chr4	139058750	155772646
gs://workspace-bucket-wb-radiant-cabbage-3726/exome_only/chr4_exome_only.bgen	exome_specific_chr4_155772651_185425895	chr4	155772651	185425895
gs://workspace-bucket-wb-radiant-cabbage-3726/exome_only/chr4_exome_only.bgen	exome_specific_chr4_185425896_190175857	chr4	185425896	190175857
gs://workspace-bucket-wb-radiant-cabbage-3726/exome_only/chr5_exome_only.bgen	exome_specific_chr5_92153_32074045	chr5	92153	32074045
gs://workspace-bucket-wb-radiant-cabbage-3726/exome_only/chr5_exome_only.bgen	exome_specific_chr5_32074045_50396206	chr5	32074045	50396206
gs://workspace-bucket-wb-radiant-cabbage-3726/exome_only/chr5_exome_only.bgen	exome_specific_chr5_50396207_69593958	chr5	50396207	69593958
gs://workspace-bucket-wb-radiant-cabbage-3726/exome_only/chr5_exome_only.bgen	exome_specific_chr5_69593958_83520421	chr5	69593958	83520421
gs://workspace-bucket-wb-radiant-cabbage-3726/exome_only/chr5_exome_only.bgen	exome_specific_chr5_83520424_113013321	chr5	83520424	113013321
gs://workspace-bucket-wb-radiant-cabbage-3726/exome_only/chr5_exome_only.bgen	exome_specific_chr5_113013323_132876382	chr5	113013323	132876382
gs://workspace-bucket-wb-radiant-cabbage-3726/exome_only/chr5_exome_only.bgen	exome_specific_chr5_132876383_140851905	chr5	132876383	140851905
gs://workspace-bucket-wb-radiant-cabbage-3726/exome_only/chr5_exome_only.bgen	exome_specific_chr5_140851907_148637001	chr5	140851907	148637001
gs://workspace-bucket-wb-radiant-cabbage-3726/exome_only/chr5_exome_only.bgen	exome_specific_chr5_148637003_159283224	chr5	148637003	159283224
gs://workspace-bucket-wb-radiant-cabbage-3726/exome_only/chr5_exome_only.bgen	exome_specific_chr5_159283225_177368846	chr5	159283225	177368846
gs://workspace-bucket-wb-radiant-cabbage-3726/exome_only/chr5_exome_only.bgen	exome_specific_chr5_177368846_181261165	chr5	177368846	181261165
gs://workspace-bucket-wb-radiant-cabbage-3726/exome_only/chr6_exome_only.bgen	exome_specific_chr6_292082_18223355	chr6	292082	18223355
gs://workspace-bucket-wb-radiant-cabbage-3726/exome_only/chr6_exome_only.bgen	exome_specific_chr6_18223355_30542329	chr6	18223355	30542329
gs://workspace-bucket-wb-radiant-cabbage-3726/exome_only/chr6_exome_only.bgen	exome_specific_chr6_30542334_34282784	chr6	30542334	34282784
gs://workspace-bucket-wb-radiant-cabbage-3726/exome_only/chr6_exome_only.bgen	exome_specific_chr6_34282786_42268565	chr6	34282786	42268565
gs://workspace-bucket-wb-radiant-cabbage-3726/exome_only/chr6_exome_only.bgen	exome_specific_chr6_42268567_52498079	chr6	42268567	52498079
gs://workspace-bucket-wb-radiant-cabbage-3726/exome_only/chr6_exome_only.bgen	exome_specific_chr6_52498079_78935001	chr6	52498079	78935001
gs://workspace-bucket-wb-radiant-cabbage-3726/exome_only/chr6_exome_only.bgen	exome_specific_chr6_78935002_100589658	chr6	78935002	100589658
gs://workspace-bucket-wb-radiant-cabbage-3726/exome_only/chr6_exome_only.bgen	exome_specific_chr6_100589659_116725770	chr6	100589659	116725770
gs://workspace-bucket-wb-radiant-cabbage-3726/exome_only/chr6_exome_only.bgen	exome_specific_chr6_116725773_136366025	chr6	116725773	136366025
gs://workspace-bucket-wb-radiant-cabbage-3726/exome_only/chr6_exome_only.bgen	exome_specific_chr6_136366029_152352126	chr6	136366029	152352126
gs://workspace-bucket-wb-radiant-cabbage-3726/exome_only/chr6_exome_only.bgen	exome_specific_chr6_152352130_167050130	chr6	152352130	167050130
gs://workspace-bucket-wb-radiant-cabbage-3726/exome_only/chr6_exome_only.bgen	exome_specific_chr6_167050130_170584707	chr6	167050130	170584707
gs://workspace-bucket-wb-radiant-cabbage-3726/exome_only/chr7_exome_only.bgen	exome_specific_chr7_192556_6642464	chr7	192556	6642464
gs://workspace-bucket-wb-radiant-cabbage-3726/exome_only/chr7_exome_only.bgen	exome_specific_chr7_6642464_25226917	chr7	6642464	25226917
gs://workspace-bucket-wb-radiant-cabbage-3726/exome_only/chr7_exome_only.bgen	exome_specific_chr7_25226921_43876324	chr7	25226921	43876324
gs://workspace-bucket-wb-radiant-cabbage-3726/exome_only/chr7_exome_only.bgen	exome_specific_chr7_43876326_66956831	chr7	43876326	66956831
gs://workspace-bucket-wb-radiant-cabbage-3726/exome_only/chr7_exome_only.bgen	exome_specific_chr7_66956831_87816230	chr7	66956831	87816230
gs://workspace-bucket-wb-radiant-cabbage-3726/exome_only/chr7_exome_only.bgen	exome_specific_chr7_87816234_100019218	chr7	87816234	100019218
gs://workspace-bucket-wb-radiant-cabbage-3726/exome_only/chr7_exome_only.bgen	exome_specific_chr7_100019219_106248495	chr7	100019219	106248495
gs://workspace-bucket-wb-radiant-cabbage-3726/exome_only/chr7_exome_only.bgen	exome_specific_chr7_106248496_128308260	chr7	106248496	128308260
gs://workspace-bucket-wb-radiant-cabbage-3726/exome_only/chr7_exome_only.bgen	exome_specific_chr7_128308264_140088145	chr7	128308264	140088145
gs://workspace-bucket-wb-radiant-cabbage-3726/exome_only/chr7_exome_only.bgen	exome_specific_chr7_140088147_151118225	chr7	140088147	151118225
gs://workspace-bucket-wb-radiant-cabbage-3726/exome_only/chr7_exome_only.bgen	exome_specific_chr7_151118226_159144882	chr7	151118226	159144882
gs://workspace-bucket-wb-radiant-cabbage-3726/exome_only/chr8_exome_only.bgen	exome_specific_chr8_166071_13091410	chr8	166071	13091410
gs://workspace-bucket-wb-radiant-cabbage-3726/exome_only/chr8_exome_only.bgen	exome_specific_chr8_13091411_25458307	chr8	13091411	25458307
gs://workspace-bucket-wb-radiant-cabbage-3726/exome_only/chr8_exome_only.bgen	exome_specific_chr8_25458309_41508926	chr8	25458309	41508926
gs://workspace-bucket-wb-radiant-cabbage-3726/exome_only/chr8_exome_only.bgen	exome_specific_chr8_41508928_62983694	chr8	41508928	62983694
gs://workspace-bucket-wb-radiant-cabbage-3726/exome_only/chr8_exome_only.bgen	exome_specific_chr8_62983696_86468150	chr8	62983696	86468150
gs://workspace-bucket-wb-radiant-cabbage-3726/exome_only/chr8_exome_only.bgen	exome_specific_chr8_86468151_106692782	chr8	86468151	106692782
gs://workspace-bucket-wb-radiant-cabbage-3726/exome_only/chr8_exome_only.bgen	exome_specific_chr8_106692785_132888500	chr8	106692785	132888500
gs://workspace-bucket-wb-radiant-cabbage-3726/exome_only/chr8_exome_only.bgen	exome_specific_chr8_132888502_144260336	chr8	132888502	144260336
gs://workspace-bucket-wb-radiant-cabbage-3726/exome_only/chr8_exome_only.bgen	exome_specific_chr8_144260337_145066700	chr8	144260337	145066700
gs://workspace-bucket-wb-radiant-cabbage-3726/exome_only/chr9_exome_only.bgen	exome_specific_chr9_14461_18926596	chr9	14461	18926596
gs://workspace-bucket-wb-radiant-cabbage-3726/exome_only/chr9_exome_only.bgen	exome_specific_chr9_18926596_35303279	chr9	18926596	35303279
gs://workspace-bucket-wb-radiant-cabbage-3726/exome_only/chr9_exome_only.bgen	exome_specific_chr9_35303280_76195799	chr9	35303280	76195799
gs://workspace-bucket-wb-radiant-cabbage-3726/exome_only/chr9_exome_only.bgen	exome_specific_chr9_76195799_94760147	chr9	76195799	94760147
gs://workspace-bucket-wb-radiant-cabbage-3726/exome_only/chr9_exome_only.bgen	exome_specific_chr9_94760148_109450905	chr9	94760148	109450905
gs://workspace-bucket-wb-radiant-cabbage-3726/exome_only/chr9_exome_only.bgen	exome_specific_chr9_109450906_121785199	chr9	109450906	121785199
gs://workspace-bucket-wb-radiant-cabbage-3726/exome_only/chr9_exome_only.bgen	exome_specific_chr9_121785199_128714820	chr9	121785199	128714820
gs://workspace-bucket-wb-radiant-cabbage-3726/exome_only/chr9_exome_only.bgen	exome_specific_chr9_128714822_134379460	chr9	128714822	134379460
gs://workspace-bucket-wb-radiant-cabbage-3726/exome_only/chr9_exome_only.bgen	exome_specific_chr9_134379463_138124639	chr9	134379463	138124639
gs://workspace-bucket-wb-radiant-cabbage-3726/exome_only/chrX_exome_only.bgen	exome_specific_chrX_276307_23397024	chrX	276307	23397024
gs://workspace-bucket-wb-radiant-cabbage-3726/exome_only/chrX_exome_only.bgen	exome_specific_chrX_23397026_49174389	chrX	23397026	49174389
gs://workspace-bucket-wb-radiant-cabbage-3726/exome_only/chrX_exome_only.bgen	exome_specific_chrX_49174391_72148441	chrX	49174391	72148441
gs://workspace-bucket-wb-radiant-cabbage-3726/exome_only/chrX_exome_only.bgen	exome_specific_chrX_72148443_107600562	chrX	72148443	107600562
gs://workspace-bucket-wb-radiant-cabbage-3726/exome_only/chrX_exome_only.bgen	exome_specific_chrX_107600568_134413557	chrX	107600568	134413557
gs://workspace-bucket-wb-radiant-cabbage-3726/exome_only/chrX_exome_only.bgen	exome_specific_chrX_134413559_154411597	chrX	134413559	154411597
gs://workspace-bucket-wb-radiant-cabbage-3726/exome_only/chrX_exome_only.bgen	exome_specific_chrX_154411598_156025389	chrX	154411598	156025389
